instanceID,instanceType,experimentID,interval,bandwidthUpload,bandwitdhDownload,setId,vmId,cmd
i-0431f5b0ba4f686c8,m5d.large,1573945123,15.0 sec,1.37 Gbits/sec,1.44 Gbits/sec,50,1,iperf -c 172.31.41.70 --dualtest --window 416k --time 15
i-0431f5b0ba4f686c8,m5d.large,1573945123,15.0 sec,747 Mbits/sec,743 Mbits/sec,50,1,iperf -c 172.31.41.70 --dualtest --window 416k --time 15
i-0431f5b0ba4f686c8,m5d.large,1573945123,15.0 sec,745 Mbits/sec,658 Mbits/sec,50,1,iperf -c 172.31.41.70 --dualtest --window 416k --time 15
i-0431f5b0ba4f686c8,m5d.large,1573945123,15.0 sec,746 Mbits/sec,829 Mbits/sec,50,1,iperf -c 172.31.41.70 --dualtest --window 416k --time 15
i-0431f5b0ba4f686c8,m5d.large,1573945123,15.0 sec,745 Mbits/sec,614 Mbits/sec,50,1,iperf -c 172.31.41.70 --dualtest --window 416k --time 15
i-0431f5b0ba4f686c8,m5d.large,1573945123,15.0 sec,746 Mbits/sec,862 Mbits/sec,50,1,iperf -c 172.31.41.70 --dualtest --window 416k --time 15
i-0431f5b0ba4f686c8,m5d.large,1573945123,15.0 sec,808 Mbits/sec,754 Mbits/sec,50,1,iperf -c 172.31.41.70 --dualtest --window 416k --time 15
i-0431f5b0ba4f686c8,m5d.large,1573945123,15.0 sec,745 Mbits/sec,743 Mbits/sec,50,1,iperf -c 172.31.41.70 --dualtest --window 416k --time 15
i-0431f5b0ba4f686c8,m5d.large,1573945123,15.0 sec,744 Mbits/sec,744 Mbits/sec,50,1,iperf -c 172.31.41.70 --dualtest --window 416k --time 15
i-0431f5b0ba4f686c8,m5d.large,1573945123,15.0 sec,744 Mbits/sec,743 Mbits/sec,50,1,iperf -c 172.31.41.70 --dualtest --window 416k --time 15
i-07371e52fb12110ae,m5d.large,1573945123,15.0 sec,1.42 Gbits/sec,1.61 Gbits/sec,50,2,iperf -c 172.31.42.185 --dualtest --window 416k --time 15
i-07371e52fb12110ae,m5d.large,1573945123,15.0 sec,747 Mbits/sec,753 Mbits/sec,50,2,iperf -c 172.31.42.185 --dualtest --window 416k --time 15
i-07371e52fb12110ae,m5d.large,1573945123,15.0 sec,821 Mbits/sec,599 Mbits/sec,50,2,iperf -c 172.31.42.185 --dualtest --window 416k --time 15
i-07371e52fb12110ae,m5d.large,1573945123,15.0 sec,745 Mbits/sec,603 Mbits/sec,50,2,iperf -c 172.31.42.185 --dualtest --window 416k --time 15
i-07371e52fb12110ae,m5d.large,1573945123,15.0 sec,745 Mbits/sec,597 Mbits/sec,50,2,iperf -c 172.31.42.185 --dualtest --window 416k --time 15
i-07371e52fb12110ae,m5d.large,1573945123,15.0 sec,742 Mbits/sec,1.15 Gbits/sec,50,2,iperf -c 172.31.42.185 --dualtest --window 416k --time 15
i-07371e52fb12110ae,m5d.large,1573945123,15.0 sec,745 Mbits/sec,595 Mbits/sec,50,2,iperf -c 172.31.42.185 --dualtest --window 416k --time 15
i-07371e52fb12110ae,m5d.large,1573945123,15.0 sec,744 Mbits/sec,906 Mbits/sec,50,2,iperf -c 172.31.42.185 --dualtest --window 416k --time 15
i-07371e52fb12110ae,m5d.large,1573945123,15.0 sec,745 Mbits/sec,594 Mbits/sec,50,2,iperf -c 172.31.42.185 --dualtest --window 416k --time 15
i-07371e52fb12110ae,m5d.large,1573945123,15.0 sec,745 Mbits/sec,587 Mbits/sec,50,2,iperf -c 172.31.42.185 --dualtest --window 416k --time 15
i-0096e0731defa5bcf,m5d.large,1573945123,15.0 sec,1.41 Gbits/sec,1.56 Gbits/sec,50,3,iperf -c 172.31.36.76 --dualtest --window 416k --time 15
i-0096e0731defa5bcf,m5d.large,1573945123,15.0 sec,823 Mbits/sec,743 Mbits/sec,50,3,iperf -c 172.31.36.76 --dualtest --window 416k --time 15
i-0096e0731defa5bcf,m5d.large,1573945123,15.0 sec,743 Mbits/sec,743 Mbits/sec,50,3,iperf -c 172.31.36.76 --dualtest --window 416k --time 15
i-0096e0731defa5bcf,m5d.large,1573945123,15.0 sec,744 Mbits/sec,743 Mbits/sec,50,3,iperf -c 172.31.36.76 --dualtest --window 416k --time 15
i-0096e0731defa5bcf,m5d.large,1573945123,15.0 sec,743 Mbits/sec,743 Mbits/sec,50,3,iperf -c 172.31.36.76 --dualtest --window 416k --time 15
i-0096e0731defa5bcf,m5d.large,1573945123,15.0 sec,745 Mbits/sec,720 Mbits/sec,50,3,iperf -c 172.31.36.76 --dualtest --window 416k --time 15
i-0096e0731defa5bcf,m5d.large,1573945123,15.0 sec,745 Mbits/sec,595 Mbits/sec,50,3,iperf -c 172.31.36.76 --dualtest --window 416k --time 15
i-0096e0731defa5bcf,m5d.large,1573945123,15.0 sec,743 Mbits/sec,907 Mbits/sec,50,3,iperf -c 172.31.36.76 --dualtest --window 416k --time 15
i-0096e0731defa5bcf,m5d.large,1573945123,15.0 sec,745 Mbits/sec,607 Mbits/sec,50,3,iperf -c 172.31.36.76 --dualtest --window 416k --time 15
i-0096e0731defa5bcf,m5d.large,1573945123,15.0 sec,743 Mbits/sec,882 Mbits/sec,50,3,iperf -c 172.31.36.76 --dualtest --window 416k --time 15
i-04b9c2f75a375d7e5,m5d.large,1573945123,15.0 sec,1.44 Gbits/sec,1.28 Gbits/sec,50,4,iperf -c 172.31.44.227 --dualtest --window 416k --time 15
i-04b9c2f75a375d7e5,m5d.large,1573945123,15.0 sec,745 Mbits/sec,753 Mbits/sec,50,4,iperf -c 172.31.44.227 --dualtest --window 416k --time 15
i-04b9c2f75a375d7e5,m5d.large,1573945123,15.0 sec,745 Mbits/sec,692 Mbits/sec,50,4,iperf -c 172.31.44.227 --dualtest --window 416k --time 15
i-04b9c2f75a375d7e5,m5d.large,1573945123,15.0 sec,745 Mbits/sec,757 Mbits/sec,50,4,iperf -c 172.31.44.227 --dualtest --window 416k --time 15
i-04b9c2f75a375d7e5,m5d.large,1573945123,15.0 sec,743 Mbits/sec,920 Mbits/sec,50,4,iperf -c 172.31.44.227 --dualtest --window 416k --time 15
i-04b9c2f75a375d7e5,m5d.large,1573945123,15.0 sec,744 Mbits/sec,746 Mbits/sec,50,4,iperf -c 172.31.44.227 --dualtest --window 416k --time 15
i-04b9c2f75a375d7e5,m5d.large,1573945123,15.0 sec,745 Mbits/sec,736 Mbits/sec,50,4,iperf -c 172.31.44.227 --dualtest --window 416k --time 15
i-04b9c2f75a375d7e5,m5d.large,1573945123,15.0 sec,744 Mbits/sec,759 Mbits/sec,50,4,iperf -c 172.31.44.227 --dualtest --window 416k --time 15
i-04b9c2f75a375d7e5,m5d.large,1573945123,15.0 sec,745 Mbits/sec,743 Mbits/sec,50,4,iperf -c 172.31.44.227 --dualtest --window 416k --time 15
i-04b9c2f75a375d7e5,m5d.large,1573945123,15.0 sec,744 Mbits/sec,743 Mbits/sec,50,4,iperf -c 172.31.44.227 --dualtest --window 416k --time 15
i-0f0e24c09425eac71,m5d.large,1573945123,15.0 sec,1.45 Gbits/sec,889 Mbits/sec,50,5,iperf -c 172.31.46.228 --dualtest --window 416k --time 15
i-0f0e24c09425eac71,m5d.large,1573945123,15.0 sec,743 Mbits/sec,1.32 Gbits/sec,50,5,iperf -c 172.31.46.228 --dualtest --window 416k --time 15
i-0f0e24c09425eac71,m5d.large,1573945123,15.0 sec,745 Mbits/sec,669 Mbits/sec,50,5,iperf -c 172.31.46.228 --dualtest --window 416k --time 15
i-0f0e24c09425eac71,m5d.large,1573945123,15.0 sec,743 Mbits/sec,818 Mbits/sec,50,5,iperf -c 172.31.46.228 --dualtest --window 416k --time 15
i-0f0e24c09425eac71,m5d.large,1573945123,15.0 sec,745 Mbits/sec,644 Mbits/sec,50,5,iperf -c 172.31.46.228 --dualtest --window 416k --time 15
i-0f0e24c09425eac71,m5d.large,1573945123,15.0 sec,744 Mbits/sec,839 Mbits/sec,50,5,iperf -c 172.31.46.228 --dualtest --window 416k --time 15
i-0f0e24c09425eac71,m5d.large,1573945123,15.0 sec,743 Mbits/sec,746 Mbits/sec,50,5,iperf -c 172.31.46.228 --dualtest --window 416k --time 15
i-0f0e24c09425eac71,m5d.large,1573945123,15.0 sec,744 Mbits/sec,744 Mbits/sec,50,5,iperf -c 172.31.46.228 --dualtest --window 416k --time 15
i-0f0e24c09425eac71,m5d.large,1573945123,15.0 sec,745 Mbits/sec,743 Mbits/sec,50,5,iperf -c 172.31.46.228 --dualtest --window 416k --time 15
i-0f0e24c09425eac71,m5d.large,1573945123,15.0 sec,743 Mbits/sec,743 Mbits/sec,50,5,iperf -c 172.31.46.228 --dualtest --window 416k --time 15
i-0ca55bbf96a4d4a74,m5d.large,1573945123,15.0 sec,1.50 Gbits/sec,924 Mbits/sec,50,6,iperf -c 172.31.41.192 --dualtest --window 416k --time 15
i-0ca55bbf96a4d4a74,m5d.large,1573945123,15.0 sec,745 Mbits/sec,719 Mbits/sec,50,6,iperf -c 172.31.41.192 --dualtest --window 416k --time 15
i-0ca55bbf96a4d4a74,m5d.large,1573945123,15.0 sec,742 Mbits/sec,1.33 Gbits/sec,50,6,iperf -c 172.31.41.192 --dualtest --window 416k --time 15
i-0ca55bbf96a4d4a74,m5d.large,1573945123,15.0 sec,745 Mbits/sec,642 Mbits/sec,50,6,iperf -c 172.31.41.192 --dualtest --window 416k --time 15
i-0ca55bbf96a4d4a74,m5d.large,1573945123,15.0 sec,743 Mbits/sec,846 Mbits/sec,50,6,iperf -c 172.31.41.192 --dualtest --window 416k --time 15
i-0ca55bbf96a4d4a74,m5d.large,1573945123,15.0 sec,746 Mbits/sec,589 Mbits/sec,50,6,iperf -c 172.31.41.192 --dualtest --window 416k --time 15
i-0ca55bbf96a4d4a74,m5d.large,1573945123,15.0 sec,743 Mbits/sec,886 Mbits/sec,50,6,iperf -c 172.31.41.192 --dualtest --window 416k --time 15
i-0ca55bbf96a4d4a74,m5d.large,1573945123,15.0 sec,745 Mbits/sec,709 Mbits/sec,50,6,iperf -c 172.31.41.192 --dualtest --window 416k --time 15
i-0ca55bbf96a4d4a74,m5d.large,1573945123,15.0 sec,743 Mbits/sec,793 Mbits/sec,50,6,iperf -c 172.31.41.192 --dualtest --window 416k --time 15
i-0ca55bbf96a4d4a74,m5d.large,1573945123,15.0 sec,744 Mbits/sec,743 Mbits/sec,50,6,iperf -c 172.31.41.192 --dualtest --window 416k --time 15
i-03431dab34bcb014e,m5d.large,1573945123,15.0 sec,1.45 Gbits/sec,786 Mbits/sec,50,7,iperf -c 172.31.47.205 --dualtest --window 416k --time 15
i-03431dab34bcb014e,m5d.large,1573945123,15.0 sec,743 Mbits/sec,1.32 Gbits/sec,50,7,iperf -c 172.31.47.205 --dualtest --window 416k --time 15
i-03431dab34bcb014e,m5d.large,1573945123,15.0 sec,745 Mbits/sec,746 Mbits/sec,50,7,iperf -c 172.31.47.205 --dualtest --window 416k --time 15
i-03431dab34bcb014e,m5d.large,1573945123,15.0 sec,744 Mbits/sec,743 Mbits/sec,50,7,iperf -c 172.31.47.205 --dualtest --window 416k --time 15
i-03431dab34bcb014e,m5d.large,1573945123,15.0 sec,744 Mbits/sec,744 Mbits/sec,50,7,iperf -c 172.31.47.205 --dualtest --window 416k --time 15
i-03431dab34bcb014e,m5d.large,1573945123,15.0 sec,743 Mbits/sec,822 Mbits/sec,50,7,iperf -c 172.31.47.205 --dualtest --window 416k --time 15
i-03431dab34bcb014e,m5d.large,1573945123,15.0 sec,745 Mbits/sec,737 Mbits/sec,50,7,iperf -c 172.31.47.205 --dualtest --window 416k --time 15
i-03431dab34bcb014e,m5d.large,1573945123,15.0 sec,744 Mbits/sec,749 Mbits/sec,50,7,iperf -c 172.31.47.205 --dualtest --window 416k --time 15
i-03431dab34bcb014e,m5d.large,1573945123,15.0 sec,743 Mbits/sec,743 Mbits/sec,50,7,iperf -c 172.31.47.205 --dualtest --window 416k --time 15
i-03431dab34bcb014e,m5d.large,1573945123,15.0 sec,744 Mbits/sec,743 Mbits/sec,50,7,iperf -c 172.31.47.205 --dualtest --window 416k --time 15
i-097c3e46dcf390d8a,m5d.large,1573945123,15.0 sec,1.37 Gbits/sec,1.72 Gbits/sec,50,8,iperf -c 172.31.39.235 --dualtest --window 416k --time 15
i-097c3e46dcf390d8a,m5d.large,1573945123,15.0 sec,747 Mbits/sec,761 Mbits/sec,50,8,iperf -c 172.31.39.235 --dualtest --window 416k --time 15
i-097c3e46dcf390d8a,m5d.large,1573945123,15.0 sec,747 Mbits/sec,743 Mbits/sec,50,8,iperf -c 172.31.39.235 --dualtest --window 416k --time 15
i-097c3e46dcf390d8a,m5d.large,1573945123,15.0 sec,812 Mbits/sec,620 Mbits/sec,50,8,iperf -c 172.31.39.235 --dualtest --window 416k --time 15
i-097c3e46dcf390d8a,m5d.large,1573945123,15.0 sec,743 Mbits/sec,866 Mbits/sec,50,8,iperf -c 172.31.39.235 --dualtest --window 416k --time 15
i-097c3e46dcf390d8a,m5d.large,1573945123,15.0 sec,744 Mbits/sec,744 Mbits/sec,50,8,iperf -c 172.31.39.235 --dualtest --window 416k --time 15
i-097c3e46dcf390d8a,m5d.large,1573945123,15.0 sec,744 Mbits/sec,743 Mbits/sec,50,8,iperf -c 172.31.39.235 --dualtest --window 416k --time 15
i-097c3e46dcf390d8a,m5d.large,1573945123,15.0 sec,744 Mbits/sec,744 Mbits/sec,50,8,iperf -c 172.31.39.235 --dualtest --window 416k --time 15
i-097c3e46dcf390d8a,m5d.large,1573945123,15.0 sec,745 Mbits/sec,743 Mbits/sec,50,8,iperf -c 172.31.39.235 --dualtest --window 416k --time 15
i-097c3e46dcf390d8a,m5d.large,1573945123,15.0 sec,745 Mbits/sec,742 Mbits/sec,50,8,iperf -c 172.31.39.235 --dualtest --window 416k --time 15
i-06f3ded19b65d040f,m5d.large,1573945123,15.0 sec,1.50 Gbits/sec,914 Mbits/sec,50,9,iperf -c 172.31.38.118 --dualtest --window 416k --time 15
i-06f3ded19b65d040f,m5d.large,1573945123,15.0 sec,743 Mbits/sec,1.55 Gbits/sec,50,9,iperf -c 172.31.38.118 --dualtest --window 416k --time 15
i-06f3ded19b65d040f,m5d.large,1573945123,15.0 sec,745 Mbits/sec,658 Mbits/sec,50,9,iperf -c 172.31.38.118 --dualtest --window 416k --time 15
i-06f3ded19b65d040f,m5d.large,1573945123,15.0 sec,745 Mbits/sec,717 Mbits/sec,50,9,iperf -c 172.31.38.118 --dualtest --window 416k --time 15
i-06f3ded19b65d040f,m5d.large,1573945123,15.0 sec,746 Mbits/sec,578 Mbits/sec,50,9,iperf -c 172.31.38.118 --dualtest --window 416k --time 15
i-06f3ded19b65d040f,m5d.large,1573945123,15.0 sec,745 Mbits/sec,616 Mbits/sec,50,9,iperf -c 172.31.38.118 --dualtest --window 416k --time 15
i-06f3ded19b65d040f,m5d.large,1573945123,15.0 sec,745 Mbits/sec,674 Mbits/sec,50,9,iperf -c 172.31.38.118 --dualtest --window 416k --time 15
i-06f3ded19b65d040f,m5d.large,1573945123,15.0 sec,745 Mbits/sec,629 Mbits/sec,50,9,iperf -c 172.31.38.118 --dualtest --window 416k --time 15
i-06f3ded19b65d040f,m5d.large,1573945123,15.0 sec,743 Mbits/sec,1.30 Gbits/sec,50,9,iperf -c 172.31.38.118 --dualtest --window 416k --time 15
i-06f3ded19b65d040f,m5d.large,1573945123,15.0 sec,744 Mbits/sec,744 Mbits/sec,50,9,iperf -c 172.31.38.118 --dualtest --window 416k --time 15
i-0dacc3a1a65a223ac,m5d.large,1573945123,15.0 sec,1.37 Gbits/sec,1.76 Gbits/sec,50,10,iperf -c 172.31.34.173 --dualtest --window 416k --time 15
i-0dacc3a1a65a223ac,m5d.large,1573945123,15.0 sec,820 Mbits/sec,607 Mbits/sec,50,10,iperf -c 172.31.34.173 --dualtest --window 416k --time 15
i-0dacc3a1a65a223ac,m5d.large,1573945123,15.0 sec,745 Mbits/sec,762 Mbits/sec,50,10,iperf -c 172.31.34.173 --dualtest --window 416k --time 15
i-0dacc3a1a65a223ac,m5d.large,1573945123,15.0 sec,743 Mbits/sec,866 Mbits/sec,50,10,iperf -c 172.31.34.173 --dualtest --window 416k --time 15
i-0dacc3a1a65a223ac,m5d.large,1573945123,15.0 sec,744 Mbits/sec,746 Mbits/sec,50,10,iperf -c 172.31.34.173 --dualtest --window 416k --time 15
i-0dacc3a1a65a223ac,m5d.large,1573945123,15.0 sec,744 Mbits/sec,753 Mbits/sec,50,10,iperf -c 172.31.34.173 --dualtest --window 416k --time 15
i-0dacc3a1a65a223ac,m5d.large,1573945123,15.0 sec,745 Mbits/sec,669 Mbits/sec,50,10,iperf -c 172.31.34.173 --dualtest --window 416k --time 15
i-0dacc3a1a65a223ac,m5d.large,1573945123,15.0 sec,745 Mbits/sec,597 Mbits/sec,50,10,iperf -c 172.31.34.173 --dualtest --window 416k --time 15
i-0dacc3a1a65a223ac,m5d.large,1573945123,15.0 sec,743 Mbits/sec,958 Mbits/sec,50,10,iperf -c 172.31.34.173 --dualtest --window 416k --time 15
i-0dacc3a1a65a223ac,m5d.large,1573945123,15.0 sec,744 Mbits/sec,749 Mbits/sec,50,10,iperf -c 172.31.34.173 --dualtest --window 416k --time 15
i-0069a2fb2881e526e,m5d.large,1573945123,15.0 sec,1.50 Gbits/sec,1.00 Gbits/sec,50,11,iperf -c 172.31.44.104 --dualtest --window 416k --time 15
i-0069a2fb2881e526e,m5d.large,1573945123,15.0 sec,743 Mbits/sec,1.16 Gbits/sec,50,11,iperf -c 172.31.44.104 --dualtest --window 416k --time 15
i-0069a2fb2881e526e,m5d.large,1573945123,15.0 sec,745 Mbits/sec,775 Mbits/sec,50,11,iperf -c 172.31.44.104 --dualtest --window 416k --time 15
i-0069a2fb2881e526e,m5d.large,1573945123,15.0 sec,743 Mbits/sec,786 Mbits/sec,50,11,iperf -c 172.31.44.104 --dualtest --window 416k --time 15
i-0069a2fb2881e526e,m5d.large,1573945123,15.0 sec,745 Mbits/sec,743 Mbits/sec,50,11,iperf -c 172.31.44.104 --dualtest --window 416k --time 15
i-0069a2fb2881e526e,m5d.large,1573945123,15.0 sec,743 Mbits/sec,743 Mbits/sec,50,11,iperf -c 172.31.44.104 --dualtest --window 416k --time 15
i-0069a2fb2881e526e,m5d.large,1573945123,15.0 sec,744 Mbits/sec,748 Mbits/sec,50,11,iperf -c 172.31.44.104 --dualtest --window 416k --time 15
i-0069a2fb2881e526e,m5d.large,1573945123,15.0 sec,745 Mbits/sec,743 Mbits/sec,50,11,iperf -c 172.31.44.104 --dualtest --window 416k --time 15
i-0069a2fb2881e526e,m5d.large,1573945123,15.0 sec,745 Mbits/sec,722 Mbits/sec,50,11,iperf -c 172.31.44.104 --dualtest --window 416k --time 15
i-0069a2fb2881e526e,m5d.large,1573945123,15.0 sec,743 Mbits/sec,765 Mbits/sec,50,11,iperf -c 172.31.44.104 --dualtest --window 416k --time 15
i-0098bacd16b57b4dc,m5d.large,1573945123,15.0 sec,1.37 Gbits/sec,1.39 Gbits/sec,50,12,iperf -c 172.31.38.219 --dualtest --window 416k --time 15
i-0098bacd16b57b4dc,m5d.large,1573945123,15.0 sec,744 Mbits/sec,745 Mbits/sec,50,12,iperf -c 172.31.38.219 --dualtest --window 416k --time 15
i-0098bacd16b57b4dc,m5d.large,1573945123,15.0 sec,745 Mbits/sec,690 Mbits/sec,50,12,iperf -c 172.31.38.219 --dualtest --window 416k --time 15
i-0098bacd16b57b4dc,m5d.large,1573945123,15.0 sec,744 Mbits/sec,744 Mbits/sec,50,12,iperf -c 172.31.38.219 --dualtest --window 416k --time 15
i-0098bacd16b57b4dc,m5d.large,1573945123,15.0 sec,817 Mbits/sec,660 Mbits/sec,50,12,iperf -c 172.31.38.219 --dualtest --window 416k --time 15
i-0098bacd16b57b4dc,m5d.large,1573945123,15.0 sec,743 Mbits/sec,943 Mbits/sec,50,12,iperf -c 172.31.38.219 --dualtest --window 416k --time 15
i-0098bacd16b57b4dc,m5d.large,1573945123,15.0 sec,745 Mbits/sec,696 Mbits/sec,50,12,iperf -c 172.31.38.219 --dualtest --window 416k --time 15
i-0098bacd16b57b4dc,m5d.large,1573945123,15.0 sec,743 Mbits/sec,797 Mbits/sec,50,12,iperf -c 172.31.38.219 --dualtest --window 416k --time 15
i-0098bacd16b57b4dc,m5d.large,1573945123,15.0 sec,744 Mbits/sec,743 Mbits/sec,50,12,iperf -c 172.31.38.219 --dualtest --window 416k --time 15
i-0098bacd16b57b4dc,m5d.large,1573945123,15.0 sec,744 Mbits/sec,743 Mbits/sec,50,12,iperf -c 172.31.38.219 --dualtest --window 416k --time 15
i-06c61b81107579b76,m5d.large,1573945123,15.0 sec,1.50 Gbits/sec,1.15 Gbits/sec,50,13,iperf -c 172.31.47.75 --dualtest --window 416k --time 15
i-06c61b81107579b76,m5d.large,1573945123,15.0 sec,743 Mbits/sec,1.09 Gbits/sec,50,13,iperf -c 172.31.47.75 --dualtest --window 416k --time 15
i-06c61b81107579b76,m5d.large,1573945123,15.0 sec,745 Mbits/sec,732 Mbits/sec,50,13,iperf -c 172.31.47.75 --dualtest --window 416k --time 15
i-06c61b81107579b76,m5d.large,1573945123,15.0 sec,745 Mbits/sec,749 Mbits/sec,50,13,iperf -c 172.31.47.75 --dualtest --window 416k --time 15
i-06c61b81107579b76,m5d.large,1573945123,15.0 sec,745 Mbits/sec,632 Mbits/sec,50,13,iperf -c 172.31.47.75 --dualtest --window 416k --time 15
i-06c61b81107579b76,m5d.large,1573945123,15.0 sec,743 Mbits/sec,868 Mbits/sec,50,13,iperf -c 172.31.47.75 --dualtest --window 416k --time 15
i-06c61b81107579b76,m5d.large,1573945123,15.0 sec,744 Mbits/sec,745 Mbits/sec,50,13,iperf -c 172.31.47.75 --dualtest --window 416k --time 15
i-06c61b81107579b76,m5d.large,1573945123,15.0 sec,744 Mbits/sec,743 Mbits/sec,50,13,iperf -c 172.31.47.75 --dualtest --window 416k --time 15
i-06c61b81107579b76,m5d.large,1573945123,15.0 sec,745 Mbits/sec,592 Mbits/sec,50,13,iperf -c 172.31.47.75 --dualtest --window 416k --time 15
i-06c61b81107579b76,m5d.large,1573945123,15.0 sec,745 Mbits/sec,603 Mbits/sec,50,13,iperf -c 172.31.47.75 --dualtest --window 416k --time 15
i-031b2f76071a565fc,m5d.large,1573945123,,MISSING DATA,,50,14,iperf -c 172.31.32.213 --dualtest --window 416k --time 15
i-031b2f76071a565fc,m5d.large,1573945123,,MISSING DATA,,50,14,iperf -c 172.31.32.213 --dualtest --window 416k --time 15
i-031b2f76071a565fc,m5d.large,1573945123,,MISSING DATA,,50,14,iperf -c 172.31.32.213 --dualtest --window 416k --time 15
i-031b2f76071a565fc,m5d.large,1573945123,,MISSING DATA,,50,14,iperf -c 172.31.32.213 --dualtest --window 416k --time 15
i-031b2f76071a565fc,m5d.large,1573945123,,MISSING DATA,,50,14,iperf -c 172.31.32.213 --dualtest --window 416k --time 15
i-031b2f76071a565fc,m5d.large,1573945123,,MISSING DATA,,50,14,iperf -c 172.31.32.213 --dualtest --window 416k --time 15
i-031b2f76071a565fc,m5d.large,1573945123,,MISSING DATA,,50,14,iperf -c 172.31.32.213 --dualtest --window 416k --time 15
i-031b2f76071a565fc,m5d.large,1573945123,,MISSING DATA,,50,14,iperf -c 172.31.32.213 --dualtest --window 416k --time 15
i-031b2f76071a565fc,m5d.large,1573945123,,MISSING DATA,,50,14,iperf -c 172.31.32.213 --dualtest --window 416k --time 15
i-031b2f76071a565fc,m5d.large,1573945123,,MISSING DATA,,50,14,iperf -c 172.31.32.213 --dualtest --window 416k --time 15
i-0062d028d4b1b0c17,m5d.large,1573945123,15.0 sec,1.50 Gbits/sec,1.02 Gbits/sec,50,15,iperf -c 172.31.35.255 --dualtest --window 416k --time 15
i-0062d028d4b1b0c17,m5d.large,1573945123,15.0 sec,743 Mbits/sec,1.21 Gbits/sec,50,15,iperf -c 172.31.35.255 --dualtest --window 416k --time 15
i-0062d028d4b1b0c17,m5d.large,1573945123,15.0 sec,744 Mbits/sec,748 Mbits/sec,50,15,iperf -c 172.31.35.255 --dualtest --window 416k --time 15
i-0062d028d4b1b0c17,m5d.large,1573945123,15.0 sec,744 Mbits/sec,743 Mbits/sec,50,15,iperf -c 172.31.35.255 --dualtest --window 416k --time 15
i-0062d028d4b1b0c17,m5d.large,1573945123,15.0 sec,744 Mbits/sec,743 Mbits/sec,50,15,iperf -c 172.31.35.255 --dualtest --window 416k --time 15
i-0062d028d4b1b0c17,m5d.large,1573945123,15.0 sec,744 Mbits/sec,743 Mbits/sec,50,15,iperf -c 172.31.35.255 --dualtest --window 416k --time 15
i-0062d028d4b1b0c17,m5d.large,1573945123,15.0 sec,745 Mbits/sec,743 Mbits/sec,50,15,iperf -c 172.31.35.255 --dualtest --window 416k --time 15
i-0062d028d4b1b0c17,m5d.large,1573945123,15.0 sec,745 Mbits/sec,649 Mbits/sec,50,15,iperf -c 172.31.35.255 --dualtest --window 416k --time 15
i-0062d028d4b1b0c17,m5d.large,1573945123,15.0 sec,745 Mbits/sec,676 Mbits/sec,50,15,iperf -c 172.31.35.255 --dualtest --window 416k --time 15
i-0062d028d4b1b0c17,m5d.large,1573945123,15.0 sec,744 Mbits/sec,902 Mbits/sec,50,15,iperf -c 172.31.35.255 --dualtest --window 416k --time 15
i-0314d213ca75d492b,m5d.large,1573945123,15.0 sec,1.37 Gbits/sec,1.52 Gbits/sec,50,16,iperf -c 172.31.34.210 --dualtest --window 416k --time 15
i-0314d213ca75d492b,m5d.large,1573945123,15.0 sec,745 Mbits/sec,669 Mbits/sec,50,16,iperf -c 172.31.34.210 --dualtest --window 416k --time 15
i-0314d213ca75d492b,m5d.large,1573945123,15.0 sec,746 Mbits/sec,818 Mbits/sec,50,16,iperf -c 172.31.34.210 --dualtest --window 416k --time 15
i-0314d213ca75d492b,m5d.large,1573945123,15.0 sec,746 Mbits/sec,746 Mbits/sec,50,16,iperf -c 172.31.34.210 --dualtest --window 416k --time 15
i-0314d213ca75d492b,m5d.large,1573945123,15.0 sec,811 Mbits/sec,743 Mbits/sec,50,16,iperf -c 172.31.34.210 --dualtest --window 416k --time 15
i-0314d213ca75d492b,m5d.large,1573945123,15.0 sec,744 Mbits/sec,743 Mbits/sec,50,16,iperf -c 172.31.34.210 --dualtest --window 416k --time 15
i-0314d213ca75d492b,m5d.large,1573945123,15.0 sec,744 Mbits/sec,743 Mbits/sec,50,16,iperf -c 172.31.34.210 --dualtest --window 416k --time 15
i-0314d213ca75d492b,m5d.large,1573945123,15.0 sec,744 Mbits/sec,743 Mbits/sec,50,16,iperf -c 172.31.34.210 --dualtest --window 416k --time 15
i-0314d213ca75d492b,m5d.large,1573945123,15.0 sec,745 Mbits/sec,673 Mbits/sec,50,16,iperf -c 172.31.34.210 --dualtest --window 416k --time 15
i-0314d213ca75d492b,m5d.large,1573945123,15.0 sec,745 Mbits/sec,774 Mbits/sec,50,16,iperf -c 172.31.34.210 --dualtest --window 416k --time 15
i-07aba7fdbc894c5fb,m5d.large,1573945123,15.0 sec,1.37 Gbits/sec,1.37 Gbits/sec,50,17,iperf -c 172.31.32.245 --dualtest --window 416k --time 15
i-07aba7fdbc894c5fb,m5d.large,1573945123,15.0 sec,747 Mbits/sec,746 Mbits/sec,50,17,iperf -c 172.31.32.245 --dualtest --window 416k --time 15
i-07aba7fdbc894c5fb,m5d.large,1573945123,15.0 sec,745 Mbits/sec,776 Mbits/sec,50,17,iperf -c 172.31.32.245 --dualtest --window 416k --time 15
i-07aba7fdbc894c5fb,m5d.large,1573945123,15.0 sec,816 Mbits/sec,616 Mbits/sec,50,17,iperf -c 172.31.32.245 --dualtest --window 416k --time 15
i-07aba7fdbc894c5fb,m5d.large,1573945123,15.0 sec,743 Mbits/sec,909 Mbits/sec,50,17,iperf -c 172.31.32.245 --dualtest --window 416k --time 15
i-07aba7fdbc894c5fb,m5d.large,1573945123,15.0 sec,745 Mbits/sec,743 Mbits/sec,50,17,iperf -c 172.31.32.245 --dualtest --window 416k --time 15
i-07aba7fdbc894c5fb,m5d.large,1573945123,15.0 sec,746 Mbits/sec,596 Mbits/sec,50,17,iperf -c 172.31.32.245 --dualtest --window 416k --time 15
i-07aba7fdbc894c5fb,m5d.large,1573945123,15.0 sec,743 Mbits/sec,891 Mbits/sec,50,17,iperf -c 172.31.32.245 --dualtest --window 416k --time 15
i-07aba7fdbc894c5fb,m5d.large,1573945123,15.0 sec,744 Mbits/sec,744 Mbits/sec,50,17,iperf -c 172.31.32.245 --dualtest --window 416k --time 15
i-07aba7fdbc894c5fb,m5d.large,1573945123,15.0 sec,745 Mbits/sec,743 Mbits/sec,50,17,iperf -c 172.31.32.245 --dualtest --window 416k --time 15
i-01e6e4abeaa36080f,m5d.large,1573945123,15.0 sec,1.37 Gbits/sec,1.37 Gbits/sec,50,18,iperf -c 172.31.32.219 --dualtest --window 416k --time 15
i-01e6e4abeaa36080f,m5d.large,1573945123,15.0 sec,746 Mbits/sec,588 Mbits/sec,50,18,iperf -c 172.31.32.219 --dualtest --window 416k --time 15
i-01e6e4abeaa36080f,m5d.large,1573945123,15.0 sec,815 Mbits/sec,947 Mbits/sec,50,18,iperf -c 172.31.32.219 --dualtest --window 416k --time 15
i-01e6e4abeaa36080f,m5d.large,1573945123,15.0 sec,744 Mbits/sec,768 Mbits/sec,50,18,iperf -c 172.31.32.219 --dualtest --window 416k --time 15
i-01e6e4abeaa36080f,m5d.large,1573945123,15.0 sec,745 Mbits/sec,627 Mbits/sec,50,18,iperf -c 172.31.32.219 --dualtest --window 416k --time 15
i-01e6e4abeaa36080f,m5d.large,1573945123,15.0 sec,745 Mbits/sec,754 Mbits/sec,50,18,iperf -c 172.31.32.219 --dualtest --window 416k --time 15
i-01e6e4abeaa36080f,m5d.large,1573945123,15.0 sec,745 Mbits/sec,647 Mbits/sec,50,18,iperf -c 172.31.32.219 --dualtest --window 416k --time 15
i-01e6e4abeaa36080f,m5d.large,1573945123,15.0 sec,743 Mbits/sec,928 Mbits/sec,50,18,iperf -c 172.31.32.219 --dualtest --window 416k --time 15
i-01e6e4abeaa36080f,m5d.large,1573945123,15.0 sec,744 Mbits/sec,746 Mbits/sec,50,18,iperf -c 172.31.32.219 --dualtest --window 416k --time 15
i-01e6e4abeaa36080f,m5d.large,1573945123,15.0 sec,744 Mbits/sec,746 Mbits/sec,50,18,iperf -c 172.31.32.219 --dualtest --window 416k --time 15
i-0330f8e04fb45f4ac,m5d.large,1573945123,15.0 sec,1.37 Gbits/sec,1.44 Gbits/sec,50,19,iperf -c 172.31.40.164 --dualtest --window 416k --time 15
i-0330f8e04fb45f4ac,m5d.large,1573945123,15.0 sec,817 Mbits/sec,743 Mbits/sec,50,19,iperf -c 172.31.40.164 --dualtest --window 416k --time 15
i-0330f8e04fb45f4ac,m5d.large,1573945123,15.0 sec,744 Mbits/sec,744 Mbits/sec,50,19,iperf -c 172.31.40.164 --dualtest --window 416k --time 15
i-0330f8e04fb45f4ac,m5d.large,1573945123,15.0 sec,744 Mbits/sec,743 Mbits/sec,50,19,iperf -c 172.31.40.164 --dualtest --window 416k --time 15
i-0330f8e04fb45f4ac,m5d.large,1573945123,15.0 sec,744 Mbits/sec,744 Mbits/sec,50,19,iperf -c 172.31.40.164 --dualtest --window 416k --time 15
i-0330f8e04fb45f4ac,m5d.large,1573945123,15.0 sec,743 Mbits/sec,743 Mbits/sec,50,19,iperf -c 172.31.40.164 --dualtest --window 416k --time 15
i-0330f8e04fb45f4ac,m5d.large,1573945123,15.0 sec,745 Mbits/sec,720 Mbits/sec,50,19,iperf -c 172.31.40.164 --dualtest --window 416k --time 15
i-0330f8e04fb45f4ac,m5d.large,1573945123,15.0 sec,743 Mbits/sec,765 Mbits/sec,50,19,iperf -c 172.31.40.164 --dualtest --window 416k --time 15
i-0330f8e04fb45f4ac,m5d.large,1573945123,15.0 sec,744 Mbits/sec,745 Mbits/sec,50,19,iperf -c 172.31.40.164 --dualtest --window 416k --time 15
i-0330f8e04fb45f4ac,m5d.large,1573945123,15.0 sec,744 Mbits/sec,743 Mbits/sec,50,19,iperf -c 172.31.40.164 --dualtest --window 416k --time 15
i-0260e33164c158580,m5d.large,1573945123,15.0 sec,1.49 Gbits/sec,919 Mbits/sec,50,20,iperf -c 172.31.41.72 --dualtest --window 416k --time 15
i-0260e33164c158580,m5d.large,1573945123,15.0 sec,755 Mbits/sec,587 Mbits/sec,50,20,iperf -c 172.31.41.72 --dualtest --window 416k --time 15
i-0260e33164c158580,m5d.large,1573945123,15.0 sec,742 Mbits/sec,1.43 Gbits/sec,50,20,iperf -c 172.31.41.72 --dualtest --window 416k --time 15
i-0260e33164c158580,m5d.large,1573945123,15.0 sec,745 Mbits/sec,743 Mbits/sec,50,20,iperf -c 172.31.41.72 --dualtest --window 416k --time 15
i-0260e33164c158580,m5d.large,1573945123,15.0 sec,743 Mbits/sec,788 Mbits/sec,50,20,iperf -c 172.31.41.72 --dualtest --window 416k --time 15
i-0260e33164c158580,m5d.large,1573945123,15.0 sec,745 Mbits/sec,743 Mbits/sec,50,20,iperf -c 172.31.41.72 --dualtest --window 416k --time 15
i-0260e33164c158580,m5d.large,1573945123,15.0 sec,745 Mbits/sec,743 Mbits/sec,50,20,iperf -c 172.31.41.72 --dualtest --window 416k --time 15
i-0260e33164c158580,m5d.large,1573945123,15.0 sec,745 Mbits/sec,722 Mbits/sec,50,20,iperf -c 172.31.41.72 --dualtest --window 416k --time 15
i-0260e33164c158580,m5d.large,1573945123,15.0 sec,745 Mbits/sec,648 Mbits/sec,50,20,iperf -c 172.31.41.72 --dualtest --window 416k --time 15
i-0260e33164c158580,m5d.large,1573945123,15.0 sec,745 Mbits/sec,778 Mbits/sec,50,20,iperf -c 172.31.41.72 --dualtest --window 416k --time 15
i-00c650a5bff4bf46c,m5d.large,1573945123,15.0 sec,1.49 Gbits/sec,1.29 Gbits/sec,50,21,iperf -c 172.31.37.5 --dualtest --window 416k --time 15
i-00c650a5bff4bf46c,m5d.large,1573945123,15.0 sec,743 Mbits/sec,865 Mbits/sec,50,21,iperf -c 172.31.37.5 --dualtest --window 416k --time 15
i-00c650a5bff4bf46c,m5d.large,1573945123,15.0 sec,745 Mbits/sec,642 Mbits/sec,50,21,iperf -c 172.31.37.5 --dualtest --window 416k --time 15
i-00c650a5bff4bf46c,m5d.large,1573945123,15.0 sec,745 Mbits/sec,750 Mbits/sec,50,21,iperf -c 172.31.37.5 --dualtest --window 416k --time 15
i-00c650a5bff4bf46c,m5d.large,1573945123,15.0 sec,744 Mbits/sec,776 Mbits/sec,50,21,iperf -c 172.31.37.5 --dualtest --window 416k --time 15
i-00c650a5bff4bf46c,m5d.large,1573945123,15.0 sec,745 Mbits/sec,666 Mbits/sec,50,21,iperf -c 172.31.37.5 --dualtest --window 416k --time 15
i-00c650a5bff4bf46c,m5d.large,1573945123,15.0 sec,743 Mbits/sec,951 Mbits/sec,50,21,iperf -c 172.31.37.5 --dualtest --window 416k --time 15
i-00c650a5bff4bf46c,m5d.large,1573945123,15.0 sec,745 Mbits/sec,746 Mbits/sec,50,21,iperf -c 172.31.37.5 --dualtest --window 416k --time 15
i-00c650a5bff4bf46c,m5d.large,1573945123,15.0 sec,744 Mbits/sec,719 Mbits/sec,50,21,iperf -c 172.31.37.5 --dualtest --window 416k --time 15
i-00c650a5bff4bf46c,m5d.large,1573945123,15.0 sec,743 Mbits/sec,770 Mbits/sec,50,21,iperf -c 172.31.37.5 --dualtest --window 416k --time 15
i-0fe52617ed49f921d,m5d.large,1573945123,15.0 sec,1.50 Gbits/sec,995 Mbits/sec,50,22,iperf -c 172.31.47.49 --dualtest --window 416k --time 15
i-0fe52617ed49f921d,m5d.large,1573945123,15.0 sec,745 Mbits/sec,753 Mbits/sec,50,22,iperf -c 172.31.47.49 --dualtest --window 416k --time 15
i-0fe52617ed49f921d,m5d.large,1573945123,15.0 sec,745 Mbits/sec,583 Mbits/sec,50,22,iperf -c 172.31.47.49 --dualtest --window 416k --time 15
i-0fe52617ed49f921d,m5d.large,1573945123,15.0 sec,745 Mbits/sec,645 Mbits/sec,50,22,iperf -c 172.31.47.49 --dualtest --window 416k --time 15
i-0fe52617ed49f921d,m5d.large,1573945123,15.0 sec,746 Mbits/sec,582 Mbits/sec,50,22,iperf -c 172.31.47.49 --dualtest --window 416k --time 15
i-0fe52617ed49f921d,m5d.large,1573945123,15.0 sec,745 Mbits/sec,750 Mbits/sec,50,22,iperf -c 172.31.47.49 --dualtest --window 416k --time 15
i-0fe52617ed49f921d,m5d.large,1573945123,15.0 sec,745 Mbits/sec,611 Mbits/sec,50,22,iperf -c 172.31.47.49 --dualtest --window 416k --time 15
i-0fe52617ed49f921d,m5d.large,1573945123,15.0 sec,742 Mbits/sec,1.77 Gbits/sec,50,22,iperf -c 172.31.47.49 --dualtest --window 416k --time 15
i-0fe52617ed49f921d,m5d.large,1573945123,15.0 sec,744 Mbits/sec,762 Mbits/sec,50,22,iperf -c 172.31.47.49 --dualtest --window 416k --time 15
i-0fe52617ed49f921d,m5d.large,1573945123,15.0 sec,745 Mbits/sec,608 Mbits/sec,50,22,iperf -c 172.31.47.49 --dualtest --window 416k --time 15
i-08f094191c88c5263,m5d.large,1573945123,15.0 sec,1.49 Gbits/sec,1.41 Gbits/sec,50,23,iperf -c 172.31.33.188 --dualtest --window 416k --time 15
i-08f094191c88c5263,m5d.large,1573945123,15.0 sec,744 Mbits/sec,822 Mbits/sec,50,23,iperf -c 172.31.33.188 --dualtest --window 416k --time 15
i-08f094191c88c5263,m5d.large,1573945123,15.0 sec,744 Mbits/sec,743 Mbits/sec,50,23,iperf -c 172.31.33.188 --dualtest --window 416k --time 15
i-08f094191c88c5263,m5d.large,1573945123,15.0 sec,745 Mbits/sec,743 Mbits/sec,50,23,iperf -c 172.31.33.188 --dualtest --window 416k --time 15
i-08f094191c88c5263,m5d.large,1573945123,15.0 sec,744 Mbits/sec,744 Mbits/sec,50,23,iperf -c 172.31.33.188 --dualtest --window 416k --time 15
i-08f094191c88c5263,m5d.large,1573945123,15.0 sec,744 Mbits/sec,743 Mbits/sec,50,23,iperf -c 172.31.33.188 --dualtest --window 416k --time 15
i-08f094191c88c5263,m5d.large,1573945123,15.0 sec,745 Mbits/sec,614 Mbits/sec,50,23,iperf -c 172.31.33.188 --dualtest --window 416k --time 15
i-08f094191c88c5263,m5d.large,1573945123,15.0 sec,743 Mbits/sec,869 Mbits/sec,50,23,iperf -c 172.31.33.188 --dualtest --window 416k --time 15
i-08f094191c88c5263,m5d.large,1573945123,15.0 sec,745 Mbits/sec,665 Mbits/sec,50,23,iperf -c 172.31.33.188 --dualtest --window 416k --time 15
i-08f094191c88c5263,m5d.large,1573945123,15.0 sec,745 Mbits/sec,780 Mbits/sec,50,23,iperf -c 172.31.33.188 --dualtest --window 416k --time 15
i-0935701764f9af451,m5d.large,1573945123,15.0 sec,1.45 Gbits/sec,903 Mbits/sec,50,24,iperf -c 172.31.47.58 --dualtest --window 416k --time 15
i-0935701764f9af451,m5d.large,1573945123,15.0 sec,742 Mbits/sec,1.21 Gbits/sec,50,24,iperf -c 172.31.47.58 --dualtest --window 416k --time 15
i-0935701764f9af451,m5d.large,1573945123,15.0 sec,746 Mbits/sec,589 Mbits/sec,50,24,iperf -c 172.31.47.58 --dualtest --window 416k --time 15
i-0935701764f9af451,m5d.large,1573945123,15.0 sec,745 Mbits/sec,780 Mbits/sec,50,24,iperf -c 172.31.47.58 --dualtest --window 416k --time 15
i-0935701764f9af451,m5d.large,1573945123,15.0 sec,745 Mbits/sec,670 Mbits/sec,50,24,iperf -c 172.31.47.58 --dualtest --window 416k --time 15
i-0935701764f9af451,m5d.large,1573945123,15.0 sec,743 Mbits/sec,993 Mbits/sec,50,24,iperf -c 172.31.47.58 --dualtest --window 416k --time 15
i-0935701764f9af451,m5d.large,1573945123,15.0 sec,745 Mbits/sec,588 Mbits/sec,50,24,iperf -c 172.31.47.58 --dualtest --window 416k --time 15
i-0935701764f9af451,m5d.large,1573945123,15.0 sec,745 Mbits/sec,738 Mbits/sec,50,24,iperf -c 172.31.47.58 --dualtest --window 416k --time 15
i-0935701764f9af451,m5d.large,1573945123,15.0 sec,743 Mbits/sec,899 Mbits/sec,50,24,iperf -c 172.31.47.58 --dualtest --window 416k --time 15
i-0935701764f9af451,m5d.large,1573945123,15.0 sec,745 Mbits/sec,713 Mbits/sec,50,24,iperf -c 172.31.47.58 --dualtest --window 416k --time 15
i-061f3d47b6ec6d899,m5d.large,1573945123,15.0 sec,1.45 Gbits/sec,987 Mbits/sec,50,25,iperf -c 172.31.47.193 --dualtest --window 416k --time 15
i-061f3d47b6ec6d899,m5d.large,1573945123,15.0 sec,743 Mbits/sec,1.33 Gbits/sec,50,25,iperf -c 172.31.47.193 --dualtest --window 416k --time 15
i-061f3d47b6ec6d899,m5d.large,1573945123,15.0 sec,744 Mbits/sec,745 Mbits/sec,50,25,iperf -c 172.31.47.193 --dualtest --window 416k --time 15
i-061f3d47b6ec6d899,m5d.large,1573945123,15.0 sec,744 Mbits/sec,743 Mbits/sec,50,25,iperf -c 172.31.47.193 --dualtest --window 416k --time 15
i-061f3d47b6ec6d899,m5d.large,1573945123,15.0 sec,744 Mbits/sec,743 Mbits/sec,50,25,iperf -c 172.31.47.193 --dualtest --window 416k --time 15
i-061f3d47b6ec6d899,m5d.large,1573945123,15.0 sec,744 Mbits/sec,743 Mbits/sec,50,25,iperf -c 172.31.47.193 --dualtest --window 416k --time 15
i-061f3d47b6ec6d899,m5d.large,1573945123,15.0 sec,744 Mbits/sec,743 Mbits/sec,50,25,iperf -c 172.31.47.193 --dualtest --window 416k --time 15
i-061f3d47b6ec6d899,m5d.large,1573945123,15.0 sec,744 Mbits/sec,743 Mbits/sec,50,25,iperf -c 172.31.47.193 --dualtest --window 416k --time 15
i-061f3d47b6ec6d899,m5d.large,1573945123,15.0 sec,744 Mbits/sec,743 Mbits/sec,50,25,iperf -c 172.31.47.193 --dualtest --window 416k --time 15
i-061f3d47b6ec6d899,m5d.large,1573945123,15.0 sec,745 Mbits/sec,661 Mbits/sec,50,25,iperf -c 172.31.47.193 --dualtest --window 416k --time 15
i-047575da5698f4497,m5d.large,1573945123,15.0 sec,1.45 Gbits/sec,922 Mbits/sec,50,26,iperf -c 172.31.38.165 --dualtest --window 416k --time 15
i-047575da5698f4497,m5d.large,1573945123,15.0 sec,743 Mbits/sec,1.31 Gbits/sec,50,26,iperf -c 172.31.38.165 --dualtest --window 416k --time 15
i-047575da5698f4497,m5d.large,1573945123,15.0 sec,744 Mbits/sec,829 Mbits/sec,50,26,iperf -c 172.31.38.165 --dualtest --window 416k --time 15
i-047575da5698f4497,m5d.large,1573945123,15.0 sec,746 Mbits/sec,678 Mbits/sec,50,26,iperf -c 172.31.38.165 --dualtest --window 416k --time 15
i-047575da5698f4497,m5d.large,1573945123,15.0 sec,745 Mbits/sec,756 Mbits/sec,50,26,iperf -c 172.31.38.165 --dualtest --window 416k --time 15
i-047575da5698f4497,m5d.large,1573945123,15.0 sec,744 Mbits/sec,793 Mbits/sec,50,26,iperf -c 172.31.38.165 --dualtest --window 416k --time 15
i-047575da5698f4497,m5d.large,1573945123,15.0 sec,745 Mbits/sec,746 Mbits/sec,50,26,iperf -c 172.31.38.165 --dualtest --window 416k --time 15
i-047575da5698f4497,m5d.large,1573945123,15.0 sec,744 Mbits/sec,743 Mbits/sec,50,26,iperf -c 172.31.38.165 --dualtest --window 416k --time 15
i-047575da5698f4497,m5d.large,1573945123,15.0 sec,746 Mbits/sec,608 Mbits/sec,50,26,iperf -c 172.31.38.165 --dualtest --window 416k --time 15
i-047575da5698f4497,m5d.large,1573945123,15.0 sec,744 Mbits/sec,878 Mbits/sec,50,26,iperf -c 172.31.38.165 --dualtest --window 416k --time 15
i-0127ff963ce39608f,m5d.large,1573945123,15.0 sec,1.45 Gbits/sec,998 Mbits/sec,50,27,iperf -c 172.31.40.119 --dualtest --window 416k --time 15
i-0127ff963ce39608f,m5d.large,1573945123,15.0 sec,745 Mbits/sec,709 Mbits/sec,50,27,iperf -c 172.31.40.119 --dualtest --window 416k --time 15
i-0127ff963ce39608f,m5d.large,1573945123,15.0 sec,743 Mbits/sec,1.20 Gbits/sec,50,27,iperf -c 172.31.40.119 --dualtest --window 416k --time 15
i-0127ff963ce39608f,m5d.large,1573945123,15.0 sec,745 Mbits/sec,766 Mbits/sec,50,27,iperf -c 172.31.40.119 --dualtest --window 416k --time 15
i-0127ff963ce39608f,m5d.large,1573945123,15.0 sec,744 Mbits/sec,743 Mbits/sec,50,27,iperf -c 172.31.40.119 --dualtest --window 416k --time 15
i-0127ff963ce39608f,m5d.large,1573945123,15.0 sec,743 Mbits/sec,743 Mbits/sec,50,27,iperf -c 172.31.40.119 --dualtest --window 416k --time 15
i-0127ff963ce39608f,m5d.large,1573945123,15.0 sec,744 Mbits/sec,743 Mbits/sec,50,27,iperf -c 172.31.40.119 --dualtest --window 416k --time 15
i-0127ff963ce39608f,m5d.large,1573945123,15.0 sec,745 Mbits/sec,743 Mbits/sec,50,27,iperf -c 172.31.40.119 --dualtest --window 416k --time 15
i-0127ff963ce39608f,m5d.large,1573945123,15.0 sec,745 Mbits/sec,729 Mbits/sec,50,27,iperf -c 172.31.40.119 --dualtest --window 416k --time 15
i-0127ff963ce39608f,m5d.large,1573945123,15.0 sec,743 Mbits/sec,758 Mbits/sec,50,27,iperf -c 172.31.40.119 --dualtest --window 416k --time 15
i-0859c1efd18620040,m5d.large,1573945123,15.0 sec,1.45 Gbits/sec,1.06 Gbits/sec,50,28,iperf -c 172.31.44.234 --dualtest --window 416k --time 15
i-0859c1efd18620040,m5d.large,1573945123,15.0 sec,745 Mbits/sec,775 Mbits/sec,50,28,iperf -c 172.31.44.234 --dualtest --window 416k --time 15
i-0859c1efd18620040,m5d.large,1573945123,15.0 sec,743 Mbits/sec,1.06 Gbits/sec,50,28,iperf -c 172.31.44.234 --dualtest --window 416k --time 15
i-0859c1efd18620040,m5d.large,1573945123,15.0 sec,744 Mbits/sec,773 Mbits/sec,50,28,iperf -c 172.31.44.234 --dualtest --window 416k --time 15
i-0859c1efd18620040,m5d.large,1573945123,15.0 sec,744 Mbits/sec,743 Mbits/sec,50,28,iperf -c 172.31.44.234 --dualtest --window 416k --time 15
i-0859c1efd18620040,m5d.large,1573945123,15.0 sec,745 Mbits/sec,717 Mbits/sec,50,28,iperf -c 172.31.44.234 --dualtest --window 416k --time 15
i-0859c1efd18620040,m5d.large,1573945123,15.0 sec,744 Mbits/sec,770 Mbits/sec,50,28,iperf -c 172.31.44.234 --dualtest --window 416k --time 15
i-0859c1efd18620040,m5d.large,1573945123,15.0 sec,744 Mbits/sec,743 Mbits/sec,50,28,iperf -c 172.31.44.234 --dualtest --window 416k --time 15
i-0859c1efd18620040,m5d.large,1573945123,15.0 sec,745 Mbits/sec,743 Mbits/sec,50,28,iperf -c 172.31.44.234 --dualtest --window 416k --time 15
i-0859c1efd18620040,m5d.large,1573945123,15.0 sec,744 Mbits/sec,744 Mbits/sec,50,28,iperf -c 172.31.44.234 --dualtest --window 416k --time 15
i-02290982499d0a8b6,m5d.large,1573945123,15.0 sec,1.50 Gbits/sec,861 Mbits/sec,50,29,iperf -c 172.31.42.102 --dualtest --window 416k --time 15
i-02290982499d0a8b6,m5d.large,1573945123,15.0 sec,746 Mbits/sec,719 Mbits/sec,50,29,iperf -c 172.31.42.102 --dualtest --window 416k --time 15
i-02290982499d0a8b6,m5d.large,1573945123,15.0 sec,743 Mbits/sec,1.35 Gbits/sec,50,29,iperf -c 172.31.42.102 --dualtest --window 416k --time 15
i-02290982499d0a8b6,m5d.large,1573945123,15.0 sec,743 Mbits/sec,794 Mbits/sec,50,29,iperf -c 172.31.42.102 --dualtest --window 416k --time 15
i-02290982499d0a8b6,m5d.large,1573945123,15.0 sec,744 Mbits/sec,744 Mbits/sec,50,29,iperf -c 172.31.42.102 --dualtest --window 416k --time 15
i-02290982499d0a8b6,m5d.large,1573945123,15.0 sec,743 Mbits/sec,743 Mbits/sec,50,29,iperf -c 172.31.42.102 --dualtest --window 416k --time 15
i-02290982499d0a8b6,m5d.large,1573945123,15.0 sec,744 Mbits/sec,743 Mbits/sec,50,29,iperf -c 172.31.42.102 --dualtest --window 416k --time 15
i-02290982499d0a8b6,m5d.large,1573945123,15.0 sec,746 Mbits/sec,650 Mbits/sec,50,29,iperf -c 172.31.42.102 --dualtest --window 416k --time 15
i-02290982499d0a8b6,m5d.large,1573945123,15.0 sec,743 Mbits/sec,836 Mbits/sec,50,29,iperf -c 172.31.42.102 --dualtest --window 416k --time 15
i-02290982499d0a8b6,m5d.large,1573945123,15.0 sec,745 Mbits/sec,744 Mbits/sec,50,29,iperf -c 172.31.42.102 --dualtest --window 416k --time 15
i-0b65af7aa537d3168,m5d.large,1573945123,15.0 sec,1.41 Gbits/sec,1.50 Gbits/sec,50,30,iperf -c 172.31.33.176 --dualtest --window 416k --time 15
i-0b65af7aa537d3168,m5d.large,1573945123,15.0 sec,747 Mbits/sec,746 Mbits/sec,50,30,iperf -c 172.31.33.176 --dualtest --window 416k --time 15
i-0b65af7aa537d3168,m5d.large,1573945123,15.0 sec,745 Mbits/sec,730 Mbits/sec,50,30,iperf -c 172.31.33.176 --dualtest --window 416k --time 15
i-0b65af7aa537d3168,m5d.large,1573945123,15.0 sec,822 Mbits/sec,599 Mbits/sec,50,30,iperf -c 172.31.33.176 --dualtest --window 416k --time 15
i-0b65af7aa537d3168,m5d.large,1573945123,15.0 sec,745 Mbits/sec,630 Mbits/sec,50,30,iperf -c 172.31.33.176 --dualtest --window 416k --time 15
i-0b65af7aa537d3168,m5d.large,1573945123,15.0 sec,743 Mbits/sec,1.01 Gbits/sec,50,30,iperf -c 172.31.33.176 --dualtest --window 416k --time 15
i-0b65af7aa537d3168,m5d.large,1573945123,15.0 sec,744 Mbits/sec,754 Mbits/sec,50,30,iperf -c 172.31.33.176 --dualtest --window 416k --time 15
i-0b65af7aa537d3168,m5d.large,1573945123,15.0 sec,745 Mbits/sec,714 Mbits/sec,50,30,iperf -c 172.31.33.176 --dualtest --window 416k --time 15
i-0b65af7aa537d3168,m5d.large,1573945123,15.0 sec,744 Mbits/sec,773 Mbits/sec,50,30,iperf -c 172.31.33.176 --dualtest --window 416k --time 15
i-0b65af7aa537d3168,m5d.large,1573945123,15.0 sec,744 Mbits/sec,743 Mbits/sec,50,30,iperf -c 172.31.33.176 --dualtest --window 416k --time 15
i-0e9ad9f08cc1486c9,m5d.large,1573945123,15.0 sec,1.45 Gbits/sec,972 Mbits/sec,50,31,iperf -c 172.31.36.52 --dualtest --window 416k --time 15
i-0e9ad9f08cc1486c9,m5d.large,1573945123,15.0 sec,743 Mbits/sec,1.22 Gbits/sec,50,31,iperf -c 172.31.36.52 --dualtest --window 416k --time 15
i-0e9ad9f08cc1486c9,m5d.large,1573945123,15.0 sec,745 Mbits/sec,743 Mbits/sec,50,31,iperf -c 172.31.36.52 --dualtest --window 416k --time 15
i-0e9ad9f08cc1486c9,m5d.large,1573945123,15.0 sec,744 Mbits/sec,744 Mbits/sec,50,31,iperf -c 172.31.36.52 --dualtest --window 416k --time 15
i-0e9ad9f08cc1486c9,m5d.large,1573945123,15.0 sec,744 Mbits/sec,743 Mbits/sec,50,31,iperf -c 172.31.36.52 --dualtest --window 416k --time 15
i-0e9ad9f08cc1486c9,m5d.large,1573945123,15.0 sec,745 Mbits/sec,743 Mbits/sec,50,31,iperf -c 172.31.36.52 --dualtest --window 416k --time 15
i-0e9ad9f08cc1486c9,m5d.large,1573945123,15.0 sec,745 Mbits/sec,744 Mbits/sec,50,31,iperf -c 172.31.36.52 --dualtest --window 416k --time 15
i-0e9ad9f08cc1486c9,m5d.large,1573945123,15.0 sec,744 Mbits/sec,743 Mbits/sec,50,31,iperf -c 172.31.36.52 --dualtest --window 416k --time 15
i-0e9ad9f08cc1486c9,m5d.large,1573945123,15.0 sec,744 Mbits/sec,743 Mbits/sec,50,31,iperf -c 172.31.36.52 --dualtest --window 416k --time 15
i-0e9ad9f08cc1486c9,m5d.large,1573945123,15.0 sec,744 Mbits/sec,743 Mbits/sec,50,31,iperf -c 172.31.36.52 --dualtest --window 416k --time 15
i-00b268a4ae508cf2f,m5d.large,1573945123,15.0 sec,1.37 Gbits/sec,1.49 Gbits/sec,50,32,iperf -c 172.31.33.79 --dualtest --window 416k --time 15
i-00b268a4ae508cf2f,m5d.large,1573945123,15.0 sec,819 Mbits/sec,598 Mbits/sec,50,32,iperf -c 172.31.33.79 --dualtest --window 416k --time 15
i-00b268a4ae508cf2f,m5d.large,1573945123,15.0 sec,743 Mbits/sec,890 Mbits/sec,50,32,iperf -c 172.31.33.79 --dualtest --window 416k --time 15
i-00b268a4ae508cf2f,m5d.large,1573945123,15.0 sec,745 Mbits/sec,602 Mbits/sec,50,32,iperf -c 172.31.33.79 --dualtest --window 416k --time 15
i-00b268a4ae508cf2f,m5d.large,1573945123,15.0 sec,745 Mbits/sec,641 Mbits/sec,50,32,iperf -c 172.31.33.79 --dualtest --window 416k --time 15
i-00b268a4ae508cf2f,m5d.large,1573945123,15.0 sec,745 Mbits/sec,736 Mbits/sec,50,32,iperf -c 172.31.33.79 --dualtest --window 416k --time 15
i-00b268a4ae508cf2f,m5d.large,1573945123,15.0 sec,743 Mbits/sec,978 Mbits/sec,50,32,iperf -c 172.31.33.79 --dualtest --window 416k --time 15
i-00b268a4ae508cf2f,m5d.large,1573945123,15.0 sec,744 Mbits/sec,746 Mbits/sec,50,32,iperf -c 172.31.33.79 --dualtest --window 416k --time 15
i-00b268a4ae508cf2f,m5d.large,1573945123,15.0 sec,743 Mbits/sec,743 Mbits/sec,50,32,iperf -c 172.31.33.79 --dualtest --window 416k --time 15
i-00b268a4ae508cf2f,m5d.large,1573945123,15.0 sec,743 Mbits/sec,746 Mbits/sec,50,32,iperf -c 172.31.33.79 --dualtest --window 416k --time 15
i-0b9ff58588e16d551,m5d.large,1573945123,15.0 sec,1.45 Gbits/sec,1.12 Gbits/sec,50,33,iperf -c 172.31.39.151 --dualtest --window 416k --time 15
i-0b9ff58588e16d551,m5d.large,1573945123,15.0 sec,743 Mbits/sec,1.32 Gbits/sec,50,33,iperf -c 172.31.39.151 --dualtest --window 416k --time 15
i-0b9ff58588e16d551,m5d.large,1573945123,15.0 sec,744 Mbits/sec,759 Mbits/sec,50,33,iperf -c 172.31.39.151 --dualtest --window 416k --time 15
i-0b9ff58588e16d551,m5d.large,1573945123,15.0 sec,744 Mbits/sec,744 Mbits/sec,50,33,iperf -c 172.31.39.151 --dualtest --window 416k --time 15
i-0b9ff58588e16d551,m5d.large,1573945123,15.0 sec,744 Mbits/sec,744 Mbits/sec,50,33,iperf -c 172.31.39.151 --dualtest --window 416k --time 15
i-0b9ff58588e16d551,m5d.large,1573945123,15.0 sec,745 Mbits/sec,597 Mbits/sec,50,33,iperf -c 172.31.39.151 --dualtest --window 416k --time 15
i-0b9ff58588e16d551,m5d.large,1573945123,15.0 sec,745 Mbits/sec,597 Mbits/sec,50,33,iperf -c 172.31.39.151 --dualtest --window 416k --time 15
i-0b9ff58588e16d551,m5d.large,1573945123,15.0 sec,743 Mbits/sec,1.02 Gbits/sec,50,33,iperf -c 172.31.39.151 --dualtest --window 416k --time 15
i-0b9ff58588e16d551,m5d.large,1573945123,15.0 sec,745 Mbits/sec,678 Mbits/sec,50,33,iperf -c 172.31.39.151 --dualtest --window 416k --time 15
i-0b9ff58588e16d551,m5d.large,1573945123,15.0 sec,743 Mbits/sec,822 Mbits/sec,50,33,iperf -c 172.31.39.151 --dualtest --window 416k --time 15
i-0e8f378870dcbd5d3,m5d.large,1573945123,15.0 sec,1.50 Gbits/sec,1.08 Gbits/sec,50,34,iperf -c 172.31.42.246 --dualtest --window 416k --time 15
i-0e8f378870dcbd5d3,m5d.large,1573945123,15.0 sec,743 Mbits/sec,1.10 Gbits/sec,50,34,iperf -c 172.31.42.246 --dualtest --window 416k --time 15
i-0e8f378870dcbd5d3,m5d.large,1573945123,15.0 sec,745 Mbits/sec,585 Mbits/sec,50,34,iperf -c 172.31.42.246 --dualtest --window 416k --time 15
i-0e8f378870dcbd5d3,m5d.large,1573945123,15.0 sec,743 Mbits/sec,962 Mbits/sec,50,34,iperf -c 172.31.42.246 --dualtest --window 416k --time 15
i-0e8f378870dcbd5d3,m5d.large,1573945123,15.0 sec,745 Mbits/sec,667 Mbits/sec,50,34,iperf -c 172.31.42.246 --dualtest --window 416k --time 15
i-0e8f378870dcbd5d3,m5d.large,1573945123,15.0 sec,743 Mbits/sec,814 Mbits/sec,50,34,iperf -c 172.31.42.246 --dualtest --window 416k --time 15
i-0e8f378870dcbd5d3,m5d.large,1573945123,15.0 sec,743 Mbits/sec,749 Mbits/sec,50,34,iperf -c 172.31.42.246 --dualtest --window 416k --time 15
i-0e8f378870dcbd5d3,m5d.large,1573945123,15.0 sec,745 Mbits/sec,713 Mbits/sec,50,34,iperf -c 172.31.42.246 --dualtest --window 416k --time 15
i-0e8f378870dcbd5d3,m5d.large,1573945123,15.0 sec,744 Mbits/sec,772 Mbits/sec,50,34,iperf -c 172.31.42.246 --dualtest --window 416k --time 15
i-0e8f378870dcbd5d3,m5d.large,1573945123,15.0 sec,745 Mbits/sec,743 Mbits/sec,50,34,iperf -c 172.31.42.246 --dualtest --window 416k --time 15
i-0e2bba3028e57b933,m5d.large,1573945123,,MISSING DATA,,50,35,iperf -c 172.31.34.47 --dualtest --window 416k --time 15
i-0e2bba3028e57b933,m5d.large,1573945123,,MISSING DATA,,50,35,iperf -c 172.31.34.47 --dualtest --window 416k --time 15
i-0e2bba3028e57b933,m5d.large,1573945123,,MISSING DATA,,50,35,iperf -c 172.31.34.47 --dualtest --window 416k --time 15
i-0e2bba3028e57b933,m5d.large,1573945123,,MISSING DATA,,50,35,iperf -c 172.31.34.47 --dualtest --window 416k --time 15
i-0e2bba3028e57b933,m5d.large,1573945123,,MISSING DATA,,50,35,iperf -c 172.31.34.47 --dualtest --window 416k --time 15
i-0e2bba3028e57b933,m5d.large,1573945123,,MISSING DATA,,50,35,iperf -c 172.31.34.47 --dualtest --window 416k --time 15
i-0e2bba3028e57b933,m5d.large,1573945123,,MISSING DATA,,50,35,iperf -c 172.31.34.47 --dualtest --window 416k --time 15
i-0e2bba3028e57b933,m5d.large,1573945123,,MISSING DATA,,50,35,iperf -c 172.31.34.47 --dualtest --window 416k --time 15
i-0e2bba3028e57b933,m5d.large,1573945123,,MISSING DATA,,50,35,iperf -c 172.31.34.47 --dualtest --window 416k --time 15
i-0e2bba3028e57b933,m5d.large,1573945123,,MISSING DATA,,50,35,iperf -c 172.31.34.47 --dualtest --window 416k --time 15
i-0ff32a7bce1e3a734,m5d.large,1573945123,15.0 sec,1.37 Gbits/sec,1.37 Gbits/sec,50,36,iperf -c 172.31.34.71 --dualtest --window 416k --time 15
i-0ff32a7bce1e3a734,m5d.large,1573945123,15.0 sec,745 Mbits/sec,743 Mbits/sec,50,36,iperf -c 172.31.34.71 --dualtest --window 416k --time 15
i-0ff32a7bce1e3a734,m5d.large,1573945123,15.0 sec,745 Mbits/sec,754 Mbits/sec,50,36,iperf -c 172.31.34.71 --dualtest --window 416k --time 15
i-0ff32a7bce1e3a734,m5d.large,1573945123,15.0 sec,819 Mbits/sec,646 Mbits/sec,50,36,iperf -c 172.31.34.71 --dualtest --window 416k --time 15
i-0ff32a7bce1e3a734,m5d.large,1573945123,15.0 sec,743 Mbits/sec,892 Mbits/sec,50,36,iperf -c 172.31.34.71 --dualtest --window 416k --time 15
i-0ff32a7bce1e3a734,m5d.large,1573945123,15.0 sec,743 Mbits/sec,755 Mbits/sec,50,36,iperf -c 172.31.34.71 --dualtest --window 416k --time 15
i-0ff32a7bce1e3a734,m5d.large,1573945123,15.0 sec,743 Mbits/sec,743 Mbits/sec,50,36,iperf -c 172.31.34.71 --dualtest --window 416k --time 15
i-0ff32a7bce1e3a734,m5d.large,1573945123,15.0 sec,744 Mbits/sec,744 Mbits/sec,50,36,iperf -c 172.31.34.71 --dualtest --window 416k --time 15
i-0ff32a7bce1e3a734,m5d.large,1573945123,15.0 sec,745 Mbits/sec,743 Mbits/sec,50,36,iperf -c 172.31.34.71 --dualtest --window 416k --time 15
i-0ff32a7bce1e3a734,m5d.large,1573945123,15.0 sec,745 Mbits/sec,743 Mbits/sec,50,36,iperf -c 172.31.34.71 --dualtest --window 416k --time 15
i-00a374920f339188c,m5d.large,1573945123,15.0 sec,1.50 Gbits/sec,937 Mbits/sec,50,37,iperf -c 172.31.32.133 --dualtest --window 416k --time 15
i-00a374920f339188c,m5d.large,1573945123,15.0 sec,745 Mbits/sec,784 Mbits/sec,50,37,iperf -c 172.31.32.133 --dualtest --window 416k --time 15
i-00a374920f339188c,m5d.large,1573945123,15.0 sec,743 Mbits/sec,1.32 Gbits/sec,50,37,iperf -c 172.31.32.133 --dualtest --window 416k --time 15
i-00a374920f339188c,m5d.large,1573945123,15.0 sec,744 Mbits/sec,743 Mbits/sec,50,37,iperf -c 172.31.32.133 --dualtest --window 416k --time 15
i-00a374920f339188c,m5d.large,1573945123,15.0 sec,744 Mbits/sec,823 Mbits/sec,50,37,iperf -c 172.31.32.133 --dualtest --window 416k --time 15
i-00a374920f339188c,m5d.large,1573945123,15.0 sec,744 Mbits/sec,743 Mbits/sec,50,37,iperf -c 172.31.32.133 --dualtest --window 416k --time 15
i-00a374920f339188c,m5d.large,1573945123,15.0 sec,745 Mbits/sec,743 Mbits/sec,50,37,iperf -c 172.31.32.133 --dualtest --window 416k --time 15
i-00a374920f339188c,m5d.large,1573945123,15.0 sec,745 Mbits/sec,744 Mbits/sec,50,37,iperf -c 172.31.32.133 --dualtest --window 416k --time 15
i-00a374920f339188c,m5d.large,1573945123,15.0 sec,744 Mbits/sec,743 Mbits/sec,50,37,iperf -c 172.31.32.133 --dualtest --window 416k --time 15
i-00a374920f339188c,m5d.large,1573945123,15.0 sec,745 Mbits/sec,743 Mbits/sec,50,37,iperf -c 172.31.32.133 --dualtest --window 416k --time 15
i-01630b674435938c1,m5d.large,1573945123,15.0 sec,1.44 Gbits/sec,1.14 Gbits/sec,50,38,iperf -c 172.31.41.120 --dualtest --window 416k --time 15
i-01630b674435938c1,m5d.large,1573945123,15.0 sec,745 Mbits/sec,700 Mbits/sec,50,38,iperf -c 172.31.41.120 --dualtest --window 416k --time 15
i-01630b674435938c1,m5d.large,1573945123,15.0 sec,742 Mbits/sec,1.11 Gbits/sec,50,38,iperf -c 172.31.41.120 --dualtest --window 416k --time 15
i-01630b674435938c1,m5d.large,1573945123,15.0 sec,745 Mbits/sec,688 Mbits/sec,50,38,iperf -c 172.31.41.120 --dualtest --window 416k --time 15
i-01630b674435938c1,m5d.large,1573945123,15.0 sec,743 Mbits/sec,804 Mbits/sec,50,38,iperf -c 172.31.41.120 --dualtest --window 416k --time 15
i-01630b674435938c1,m5d.large,1573945123,15.0 sec,744 Mbits/sec,760 Mbits/sec,50,38,iperf -c 172.31.41.120 --dualtest --window 416k --time 15
i-01630b674435938c1,m5d.large,1573945123,15.0 sec,745 Mbits/sec,622 Mbits/sec,50,38,iperf -c 172.31.41.120 --dualtest --window 416k --time 15
i-01630b674435938c1,m5d.large,1573945123,15.0 sec,743 Mbits/sec,865 Mbits/sec,50,38,iperf -c 172.31.41.120 --dualtest --window 416k --time 15
i-01630b674435938c1,m5d.large,1573945123,15.0 sec,745 Mbits/sec,743 Mbits/sec,50,38,iperf -c 172.31.41.120 --dualtest --window 416k --time 15
i-01630b674435938c1,m5d.large,1573945123,15.0 sec,745 Mbits/sec,630 Mbits/sec,50,38,iperf -c 172.31.41.120 --dualtest --window 416k --time 15
i-0b218a39a18187a2a,m5d.large,1573945123,15.0 sec,1.45 Gbits/sec,918 Mbits/sec,50,39,iperf -c 172.31.41.90 --dualtest --window 416k --time 15
i-0b218a39a18187a2a,m5d.large,1573945123,15.0 sec,743 Mbits/sec,1.26 Gbits/sec,50,39,iperf -c 172.31.41.90 --dualtest --window 416k --time 15
i-0b218a39a18187a2a,m5d.large,1573945123,15.0 sec,745 Mbits/sec,691 Mbits/sec,50,39,iperf -c 172.31.41.90 --dualtest --window 416k --time 15
i-0b218a39a18187a2a,m5d.large,1573945123,15.0 sec,743 Mbits/sec,804 Mbits/sec,50,39,iperf -c 172.31.41.90 --dualtest --window 416k --time 15
i-0b218a39a18187a2a,m5d.large,1573945123,15.0 sec,744 Mbits/sec,745 Mbits/sec,50,39,iperf -c 172.31.41.90 --dualtest --window 416k --time 15
i-0b218a39a18187a2a,m5d.large,1573945123,15.0 sec,743 Mbits/sec,743 Mbits/sec,50,39,iperf -c 172.31.41.90 --dualtest --window 416k --time 15
i-0b218a39a18187a2a,m5d.large,1573945123,15.0 sec,744 Mbits/sec,743 Mbits/sec,50,39,iperf -c 172.31.41.90 --dualtest --window 416k --time 15
i-0b218a39a18187a2a,m5d.large,1573945123,15.0 sec,743 Mbits/sec,743 Mbits/sec,50,39,iperf -c 172.31.41.90 --dualtest --window 416k --time 15
i-0b218a39a18187a2a,m5d.large,1573945123,15.0 sec,745 Mbits/sec,743 Mbits/sec,50,39,iperf -c 172.31.41.90 --dualtest --window 416k --time 15
i-0b218a39a18187a2a,m5d.large,1573945123,15.0 sec,743 Mbits/sec,743 Mbits/sec,50,39,iperf -c 172.31.41.90 --dualtest --window 416k --time 15
i-0f83d46715e5b7ba9,m5d.large,1573945123,15.0 sec,1.37 Gbits/sec,1.36 Gbits/sec,50,40,iperf -c 172.31.42.232 --dualtest --window 416k --time 15
i-0f83d46715e5b7ba9,m5d.large,1573945123,15.0 sec,746 Mbits/sec,743 Mbits/sec,50,40,iperf -c 172.31.42.232 --dualtest --window 416k --time 15
i-0f83d46715e5b7ba9,m5d.large,1573945123,15.0 sec,814 Mbits/sec,746 Mbits/sec,50,40,iperf -c 172.31.42.232 --dualtest --window 416k --time 15
i-0f83d46715e5b7ba9,m5d.large,1573945123,15.0 sec,745 Mbits/sec,743 Mbits/sec,50,40,iperf -c 172.31.42.232 --dualtest --window 416k --time 15
i-0f83d46715e5b7ba9,m5d.large,1573945123,15.0 sec,744 Mbits/sec,746 Mbits/sec,50,40,iperf -c 172.31.42.232 --dualtest --window 416k --time 15
i-0f83d46715e5b7ba9,m5d.large,1573945123,15.0 sec,745 Mbits/sec,730 Mbits/sec,50,40,iperf -c 172.31.42.232 --dualtest --window 416k --time 15
i-0f83d46715e5b7ba9,m5d.large,1573945123,15.0 sec,743 Mbits/sec,835 Mbits/sec,50,40,iperf -c 172.31.42.232 --dualtest --window 416k --time 15
i-0f83d46715e5b7ba9,m5d.large,1573945123,15.0 sec,744 Mbits/sec,743 Mbits/sec,50,40,iperf -c 172.31.42.232 --dualtest --window 416k --time 15
i-0f83d46715e5b7ba9,m5d.large,1573945123,15.0 sec,745 Mbits/sec,669 Mbits/sec,50,40,iperf -c 172.31.42.232 --dualtest --window 416k --time 15
i-0f83d46715e5b7ba9,m5d.large,1573945123,15.0 sec,743 Mbits/sec,814 Mbits/sec,50,40,iperf -c 172.31.42.232 --dualtest --window 416k --time 15
i-0c1b44f5929053a0c,m5d.large,1573945123,15.0 sec,1.50 Gbits/sec,1.12 Gbits/sec,50,41,iperf -c 172.31.41.54 --dualtest --window 416k --time 15
i-0c1b44f5929053a0c,m5d.large,1573945123,15.0 sec,742 Mbits/sec,1.22 Gbits/sec,50,41,iperf -c 172.31.41.54 --dualtest --window 416k --time 15
i-0c1b44f5929053a0c,m5d.large,1573945123,15.0 sec,744 Mbits/sec,746 Mbits/sec,50,41,iperf -c 172.31.41.54 --dualtest --window 416k --time 15
i-0c1b44f5929053a0c,m5d.large,1573945123,15.0 sec,745 Mbits/sec,709 Mbits/sec,50,41,iperf -c 172.31.41.54 --dualtest --window 416k --time 15
i-0c1b44f5929053a0c,m5d.large,1573945123,15.0 sec,745 Mbits/sec,680 Mbits/sec,50,41,iperf -c 172.31.41.54 --dualtest --window 416k --time 15
i-0c1b44f5929053a0c,m5d.large,1573945123,15.0 sec,743 Mbits/sec,830 Mbits/sec,50,41,iperf -c 172.31.41.54 --dualtest --window 416k --time 15
i-0c1b44f5929053a0c,m5d.large,1573945123,15.0 sec,745 Mbits/sec,700 Mbits/sec,50,41,iperf -c 172.31.41.54 --dualtest --window 416k --time 15
i-0c1b44f5929053a0c,m5d.large,1573945123,15.0 sec,743 Mbits/sec,796 Mbits/sec,50,41,iperf -c 172.31.41.54 --dualtest --window 416k --time 15
i-0c1b44f5929053a0c,m5d.large,1573945123,15.0 sec,745 Mbits/sec,656 Mbits/sec,50,41,iperf -c 172.31.41.54 --dualtest --window 416k --time 15
i-0c1b44f5929053a0c,m5d.large,1573945123,15.0 sec,745 Mbits/sec,784 Mbits/sec,50,41,iperf -c 172.31.41.54 --dualtest --window 416k --time 15
i-0b9926ad5c9938919,m5d.large,1573945123,15.0 sec,1.45 Gbits/sec,1.07 Gbits/sec,50,42,iperf -c 172.31.42.150 --dualtest --window 416k --time 15
i-0b9926ad5c9938919,m5d.large,1573945123,15.0 sec,745 Mbits/sec,731 Mbits/sec,50,42,iperf -c 172.31.42.150 --dualtest --window 416k --time 15
i-0b9926ad5c9938919,m5d.large,1573945123,15.0 sec,745 Mbits/sec,737 Mbits/sec,50,42,iperf -c 172.31.42.150 --dualtest --window 416k --time 15
i-0b9926ad5c9938919,m5d.large,1573945123,15.0 sec,743 Mbits/sec,1.18 Gbits/sec,50,42,iperf -c 172.31.42.150 --dualtest --window 416k --time 15
i-0b9926ad5c9938919,m5d.large,1573945123,15.0 sec,743 Mbits/sec,746 Mbits/sec,50,42,iperf -c 172.31.42.150 --dualtest --window 416k --time 15
i-0b9926ad5c9938919,m5d.large,1573945123,15.0 sec,746 Mbits/sec,612 Mbits/sec,50,42,iperf -c 172.31.42.150 --dualtest --window 416k --time 15
i-0b9926ad5c9938919,m5d.large,1573945123,15.0 sec,745 Mbits/sec,685 Mbits/sec,50,42,iperf -c 172.31.42.150 --dualtest --window 416k --time 15
i-0b9926ad5c9938919,m5d.large,1573945123,15.0 sec,743 Mbits/sec,980 Mbits/sec,50,42,iperf -c 172.31.42.150 --dualtest --window 416k --time 15
i-0b9926ad5c9938919,m5d.large,1573945123,15.0 sec,744 Mbits/sec,746 Mbits/sec,50,42,iperf -c 172.31.42.150 --dualtest --window 416k --time 15
i-0b9926ad5c9938919,m5d.large,1573945123,15.0 sec,744 Mbits/sec,744 Mbits/sec,50,42,iperf -c 172.31.42.150 --dualtest --window 416k --time 15
i-018b98b01134abbc5,m5d.large,1573945123,15.0 sec,1.50 Gbits/sec,971 Mbits/sec,50,43,iperf -c 172.31.46.248 --dualtest --window 416k --time 15
i-018b98b01134abbc5,m5d.large,1573945123,15.0 sec,743 Mbits/sec,1.21 Gbits/sec,50,43,iperf -c 172.31.46.248 --dualtest --window 416k --time 15
i-018b98b01134abbc5,m5d.large,1573945123,15.0 sec,743 Mbits/sec,743 Mbits/sec,50,43,iperf -c 172.31.46.248 --dualtest --window 416k --time 15
i-018b98b01134abbc5,m5d.large,1573945123,15.0 sec,743 Mbits/sec,800 Mbits/sec,50,43,iperf -c 172.31.46.248 --dualtest --window 416k --time 15
i-018b98b01134abbc5,m5d.large,1573945123,15.0 sec,745 Mbits/sec,741 Mbits/sec,50,43,iperf -c 172.31.46.248 --dualtest --window 416k --time 15
i-018b98b01134abbc5,m5d.large,1573945123,15.0 sec,744 Mbits/sec,745 Mbits/sec,50,43,iperf -c 172.31.46.248 --dualtest --window 416k --time 15
i-018b98b01134abbc5,m5d.large,1573945123,15.0 sec,745 Mbits/sec,689 Mbits/sec,50,43,iperf -c 172.31.46.248 --dualtest --window 416k --time 15
i-018b98b01134abbc5,m5d.large,1573945123,15.0 sec,745 Mbits/sec,655 Mbits/sec,50,43,iperf -c 172.31.46.248 --dualtest --window 416k --time 15
i-018b98b01134abbc5,m5d.large,1573945123,15.0 sec,746 Mbits/sec,687 Mbits/sec,50,43,iperf -c 172.31.46.248 --dualtest --window 416k --time 15
i-018b98b01134abbc5,m5d.large,1573945123,15.0 sec,745 Mbits/sec,765 Mbits/sec,50,43,iperf -c 172.31.46.248 --dualtest --window 416k --time 15
i-0564c4e163025661e,m5d.large,1573945123,15.0 sec,1.41 Gbits/sec,1.49 Gbits/sec,50,44,iperf -c 172.31.36.4 --dualtest --window 416k --time 15
i-0564c4e163025661e,m5d.large,1573945123,15.0 sec,745 Mbits/sec,705 Mbits/sec,50,44,iperf -c 172.31.36.4 --dualtest --window 416k --time 15
i-0564c4e163025661e,m5d.large,1573945123,15.0 sec,825 Mbits/sec,617 Mbits/sec,50,44,iperf -c 172.31.36.4 --dualtest --window 416k --time 15
i-0564c4e163025661e,m5d.large,1573945123,15.0 sec,743 Mbits/sec,898 Mbits/sec,50,44,iperf -c 172.31.36.4 --dualtest --window 416k --time 15
i-0564c4e163025661e,m5d.large,1573945123,15.0 sec,746 Mbits/sec,586 Mbits/sec,50,44,iperf -c 172.31.36.4 --dualtest --window 416k --time 15
i-0564c4e163025661e,m5d.large,1573945123,15.0 sec,743 Mbits/sec,906 Mbits/sec,50,44,iperf -c 172.31.36.4 --dualtest --window 416k --time 15
i-0564c4e163025661e,m5d.large,1573945123,15.0 sec,744 Mbits/sec,748 Mbits/sec,50,44,iperf -c 172.31.36.4 --dualtest --window 416k --time 15
i-0564c4e163025661e,m5d.large,1573945123,15.0 sec,745 Mbits/sec,695 Mbits/sec,50,44,iperf -c 172.31.36.4 --dualtest --window 416k --time 15
i-0564c4e163025661e,m5d.large,1573945123,15.0 sec,745 Mbits/sec,778 Mbits/sec,50,44,iperf -c 172.31.36.4 --dualtest --window 416k --time 15
i-0564c4e163025661e,m5d.large,1573945123,15.0 sec,745 Mbits/sec,754 Mbits/sec,50,44,iperf -c 172.31.36.4 --dualtest --window 416k --time 15
i-04a3348d90ef3a6ac,m5d.large,1573945123,15.0 sec,1.43 Gbits/sec,3.00 Gbits/sec,50,45,iperf -c 172.31.35.149 --dualtest --window 416k --time 15
i-04a3348d90ef3a6ac,m5d.large,1573945123,15.0 sec,745 Mbits/sec,752 Mbits/sec,50,45,iperf -c 172.31.35.149 --dualtest --window 416k --time 15
i-04a3348d90ef3a6ac,m5d.large,1573945123,15.0 sec,834 Mbits/sec,782 Mbits/sec,50,45,iperf -c 172.31.35.149 --dualtest --window 416k --time 15
i-04a3348d90ef3a6ac,m5d.large,1573945123,15.0 sec,745 Mbits/sec,733 Mbits/sec,50,45,iperf -c 172.31.35.149 --dualtest --window 416k --time 15
i-04a3348d90ef3a6ac,m5d.large,1573945123,15.0 sec,745 Mbits/sec,762 Mbits/sec,50,45,iperf -c 172.31.35.149 --dualtest --window 416k --time 15
i-04a3348d90ef3a6ac,m5d.large,1573945123,15.0 sec,745 Mbits/sec,719 Mbits/sec,50,45,iperf -c 172.31.35.149 --dualtest --window 416k --time 15
i-04a3348d90ef3a6ac,m5d.large,1573945123,15.0 sec,745 Mbits/sec,760 Mbits/sec,50,45,iperf -c 172.31.35.149 --dualtest --window 416k --time 15
i-04a3348d90ef3a6ac,m5d.large,1573945123,15.0 sec,745 Mbits/sec,758 Mbits/sec,50,45,iperf -c 172.31.35.149 --dualtest --window 416k --time 15
i-04a3348d90ef3a6ac,m5d.large,1573945123,15.0 sec,736 Mbits/sec,4.67 Gbits/sec,50,45,iperf -c 172.31.35.149 --dualtest --window 416k --time 15
i-04a3348d90ef3a6ac,m5d.large,1573945123,15.0 sec,743 Mbits/sec,1.02 Gbits/sec,50,45,iperf -c 172.31.35.149 --dualtest --window 416k --time 15
i-0ab36265851b2f038,m5d.large,1573945123,15.0 sec,4.65 Gbits/sec,4.72 Gbits/sec,50,46,iperf -c 172.31.45.243 --dualtest --window 416k --time 15
i-0ab36265851b2f038,m5d.large,1573945123,15.0 sec,4.97 Gbits/sec,4.93 Gbits/sec,50,46,iperf -c 172.31.45.243 --dualtest --window 416k --time 15
i-0ab36265851b2f038,m5d.large,1573945123,15.0 sec,4.97 Gbits/sec,4.97 Gbits/sec,50,46,iperf -c 172.31.45.243 --dualtest --window 416k --time 15
i-0ab36265851b2f038,m5d.large,1573945123,15.0 sec,4.97 Gbits/sec,4.97 Gbits/sec,50,46,iperf -c 172.31.45.243 --dualtest --window 416k --time 15
i-0ab36265851b2f038,m5d.large,1573945123,15.0 sec,4.97 Gbits/sec,4.75 Gbits/sec,50,46,iperf -c 172.31.45.243 --dualtest --window 416k --time 15
i-0ab36265851b2f038,m5d.large,1573945123,15.0 sec,4.97 Gbits/sec,4.95 Gbits/sec,50,46,iperf -c 172.31.45.243 --dualtest --window 416k --time 15
i-0ab36265851b2f038,m5d.large,1573945123,15.0 sec,4.97 Gbits/sec,4.96 Gbits/sec,50,46,iperf -c 172.31.45.243 --dualtest --window 416k --time 15
i-0ab36265851b2f038,m5d.large,1573945123,15.0 sec,4.97 Gbits/sec,4.92 Gbits/sec,50,46,iperf -c 172.31.45.243 --dualtest --window 416k --time 15
i-0ab36265851b2f038,m5d.large,1573945123,15.0 sec,4.04 Gbits/sec,4.97 Gbits/sec,50,46,iperf -c 172.31.45.243 --dualtest --window 416k --time 15
i-0ab36265851b2f038,m5d.large,1573945123,15.0 sec,745 Mbits/sec,765 Mbits/sec,50,46,iperf -c 172.31.45.243 --dualtest --window 416k --time 15
i-0a6946be11150d3cf,m5d.large,1573945123,15.0 sec,3.61 Gbits/sec,3.86 Gbits/sec,50,47,iperf -c 172.31.35.247 --dualtest --window 416k --time 15
i-0a6946be11150d3cf,m5d.large,1573945123,15.0 sec,4.97 Gbits/sec,4.69 Gbits/sec,50,47,iperf -c 172.31.35.247 --dualtest --window 416k --time 15
i-0a6946be11150d3cf,m5d.large,1573945123,15.0 sec,4.97 Gbits/sec,4.84 Gbits/sec,50,47,iperf -c 172.31.35.247 --dualtest --window 416k --time 15
i-0a6946be11150d3cf,m5d.large,1573945123,15.0 sec,4.97 Gbits/sec,4.82 Gbits/sec,50,47,iperf -c 172.31.35.247 --dualtest --window 416k --time 15
i-0a6946be11150d3cf,m5d.large,1573945123,15.0 sec,4.97 Gbits/sec,4.97 Gbits/sec,50,47,iperf -c 172.31.35.247 --dualtest --window 416k --time 15
i-0a6946be11150d3cf,m5d.large,1573945123,15.0 sec,4.97 Gbits/sec,4.83 Gbits/sec,50,47,iperf -c 172.31.35.247 --dualtest --window 416k --time 15
i-0a6946be11150d3cf,m5d.large,1573945123,15.0 sec,4.91 Gbits/sec,4.88 Gbits/sec,50,47,iperf -c 172.31.35.247 --dualtest --window 416k --time 15
i-0a6946be11150d3cf,m5d.large,1573945123,15.0 sec,4.97 Gbits/sec,4.50 Gbits/sec,50,47,iperf -c 172.31.35.247 --dualtest --window 416k --time 15
i-0a6946be11150d3cf,m5d.large,1573945123,15.0 sec,4.96 Gbits/sec,3.43 Gbits/sec,50,47,iperf -c 172.31.35.247 --dualtest --window 416k --time 15
i-0a6946be11150d3cf,m5d.large,1573945123,15.0 sec,4.97 Gbits/sec,4.97 Gbits/sec,50,47,iperf -c 172.31.35.247 --dualtest --window 416k --time 15
i-0734e46ea93248b96,m5d.large,1573945123,15.0 sec,4.87 Gbits/sec,4.24 Gbits/sec,50,48,iperf -c 172.31.42.34 --dualtest --window 416k --time 15
i-0734e46ea93248b96,m5d.large,1573945123,15.0 sec,4.97 Gbits/sec,4.90 Gbits/sec,50,48,iperf -c 172.31.42.34 --dualtest --window 416k --time 15
i-0734e46ea93248b96,m5d.large,1573945123,15.0 sec,4.97 Gbits/sec,4.51 Gbits/sec,50,48,iperf -c 172.31.42.34 --dualtest --window 416k --time 15
i-0734e46ea93248b96,m5d.large,1573945123,15.0 sec,4.97 Gbits/sec,4.97 Gbits/sec,50,48,iperf -c 172.31.42.34 --dualtest --window 416k --time 15
i-0734e46ea93248b96,m5d.large,1573945123,15.0 sec,4.97 Gbits/sec,4.97 Gbits/sec,50,48,iperf -c 172.31.42.34 --dualtest --window 416k --time 15
i-0734e46ea93248b96,m5d.large,1573945123,15.0 sec,4.97 Gbits/sec,4.07 Gbits/sec,50,48,iperf -c 172.31.42.34 --dualtest --window 416k --time 15
i-0734e46ea93248b96,m5d.large,1573945123,15.0 sec,4.97 Gbits/sec,4.97 Gbits/sec,50,48,iperf -c 172.31.42.34 --dualtest --window 416k --time 15
i-0734e46ea93248b96,m5d.large,1573945123,15.0 sec,4.97 Gbits/sec,4.63 Gbits/sec,50,48,iperf -c 172.31.42.34 --dualtest --window 416k --time 15
i-0734e46ea93248b96,m5d.large,1573945123,15.0 sec,4.97 Gbits/sec,4.63 Gbits/sec,50,48,iperf -c 172.31.42.34 --dualtest --window 416k --time 15
i-0734e46ea93248b96,m5d.large,1573945123,15.0 sec,4.97 Gbits/sec,4.27 Gbits/sec,50,48,iperf -c 172.31.42.34 --dualtest --window 416k --time 15
i-09ed11454ccbcef8f,m5d.large,1573945123,15.0 sec,4.36 Gbits/sec,4.02 Gbits/sec,50,49,iperf -c 172.31.36.173 --dualtest --window 416k --time 15
i-09ed11454ccbcef8f,m5d.large,1573945123,15.0 sec,4.97 Gbits/sec,4.87 Gbits/sec,50,49,iperf -c 172.31.36.173 --dualtest --window 416k --time 15
i-09ed11454ccbcef8f,m5d.large,1573945123,15.0 sec,4.97 Gbits/sec,4.97 Gbits/sec,50,49,iperf -c 172.31.36.173 --dualtest --window 416k --time 15
i-09ed11454ccbcef8f,m5d.large,1573945123,15.0 sec,4.97 Gbits/sec,4.97 Gbits/sec,50,49,iperf -c 172.31.36.173 --dualtest --window 416k --time 15
i-09ed11454ccbcef8f,m5d.large,1573945123,15.0 sec,4.97 Gbits/sec,2.66 Gbits/sec,50,49,iperf -c 172.31.36.173 --dualtest --window 416k --time 15
i-09ed11454ccbcef8f,m5d.large,1573945123,15.0 sec,4.97 Gbits/sec,4.97 Gbits/sec,50,49,iperf -c 172.31.36.173 --dualtest --window 416k --time 15
i-09ed11454ccbcef8f,m5d.large,1573945123,15.0 sec,4.97 Gbits/sec,4.89 Gbits/sec,50,49,iperf -c 172.31.36.173 --dualtest --window 416k --time 15
i-09ed11454ccbcef8f,m5d.large,1573945123,15.0 sec,4.97 Gbits/sec,4.97 Gbits/sec,50,49,iperf -c 172.31.36.173 --dualtest --window 416k --time 15
i-09ed11454ccbcef8f,m5d.large,1573945123,15.0 sec,4.97 Gbits/sec,4.96 Gbits/sec,50,49,iperf -c 172.31.36.173 --dualtest --window 416k --time 15
i-09ed11454ccbcef8f,m5d.large,1573945123,15.0 sec,4.97 Gbits/sec,4.97 Gbits/sec,50,49,iperf -c 172.31.36.173 --dualtest --window 416k --time 15
i-0ece06eab633a3526,m5d.large,1573945123,15.0 sec,8.35 Gbits/sec,6.13 Gbits/sec,50,50,iperf -c 172.31.34.81 --dualtest --window 416k --time 15
i-0ece06eab633a3526,m5d.large,1573945123,15.0 sec,9.39 Gbits/sec,7.25 Gbits/sec,50,50,iperf -c 172.31.34.81 --dualtest --window 416k --time 15
i-0ece06eab633a3526,m5d.large,1573945123,15.0 sec,9.45 Gbits/sec,7.47 Gbits/sec,50,50,iperf -c 172.31.34.81 --dualtest --window 416k --time 15
i-0ece06eab633a3526,m5d.large,1573945123,15.0 sec,9.60 Gbits/sec,7.25 Gbits/sec,50,50,iperf -c 172.31.34.81 --dualtest --window 416k --time 15
i-0ece06eab633a3526,m5d.large,1573945123,15.0 sec,9.60 Gbits/sec,7.86 Gbits/sec,50,50,iperf -c 172.31.34.81 --dualtest --window 416k --time 15
i-0ece06eab633a3526,m5d.large,1573945123,15.0 sec,9.60 Gbits/sec,7.44 Gbits/sec,50,50,iperf -c 172.31.34.81 --dualtest --window 416k --time 15
i-0ece06eab633a3526,m5d.large,1573945123,15.0 sec,9.60 Gbits/sec,6.92 Gbits/sec,50,50,iperf -c 172.31.34.81 --dualtest --window 416k --time 15
i-0ece06eab633a3526,m5d.large,1573945123,15.0 sec,9.60 Gbits/sec,7.50 Gbits/sec,50,50,iperf -c 172.31.34.81 --dualtest --window 416k --time 15
i-0ece06eab633a3526,m5d.large,1573945123,15.0 sec,9.41 Gbits/sec,4.02 Gbits/sec,50,50,iperf -c 172.31.34.81 --dualtest --window 416k --time 15
i-0ece06eab633a3526,m5d.large,1573945123,15.0 sec,9.57 Gbits/sec,7.56 Gbits/sec,50,50,iperf -c 172.31.34.81 --dualtest --window 416k --time 15
