instanceID,experimentID,instanceType,wallTime,clients,threads,scaleFactor,transactionsType,queryMode,duration,transactions,mountPoint
i-0464b32ef428fd1de,1565288912-1,z1d.large,60.18919658660889,10,10,1,TPC-B (sort of),simple,60 s,36637,data_directory = '/var/lib/postgresql/9.5/main'
i-0464b32ef428fd1de,1565288912-2,z1d.large,60.167068004608154,10,10,1,TPC-B (sort of),simple,60 s,34209,data_directory = '/var/lib/postgresql/9.5/main'
i-0464b32ef428fd1de,1565288912-3,z1d.large,60.194835901260376,10,10,1,TPC-B (sort of),simple,60 s,32234,data_directory = '/var/lib/postgresql/9.5/main'
i-0464b32ef428fd1de,1565288912-4,z1d.large,60.19180631637573,10,10,1,TPC-B (sort of),simple,60 s,32092,data_directory = '/var/lib/postgresql/9.5/main'
i-0464b32ef428fd1de,1565288912-5,z1d.large,60.170897006988525,10,10,1,TPC-B (sort of),simple,60 s,32500,data_directory = '/var/lib/postgresql/9.5/main'
i-0464b32ef428fd1de,1565288912-6,z1d.large,60.16958713531494,10,10,1,TPC-B (sort of),simple,60 s,33361,data_directory = '/var/lib/postgresql/9.5/main'
i-0464b32ef428fd1de,1565288912-7,z1d.large,60.19252157211304,10,10,1,TPC-B (sort of),simple,60 s,32022,data_directory = '/var/lib/postgresql/9.5/main'
i-0464b32ef428fd1de,1565288912-8,z1d.large,60.1953399181366,10,10,1,TPC-B (sort of),simple,60 s,33078,data_directory = '/var/lib/postgresql/9.5/main'
i-0464b32ef428fd1de,1565288912-9,z1d.large,60.178706407547,10,10,1,TPC-B (sort of),simple,60 s,32647,data_directory = '/var/lib/postgresql/9.5/main'
i-0464b32ef428fd1de,1565288912-10,z1d.large,60.195003509521484,10,10,1,TPC-B (sort of),simple,60 s,30255,data_directory = '/var/lib/postgresql/9.5/main'
i-0464b32ef428fd1de,1565288912-11,z1d.large,60.18312931060791,10,10,1,TPC-B (sort of),simple,60 s,30452,data_directory = '/var/lib/postgresql/9.5/main'
i-0464b32ef428fd1de,1565288912-12,z1d.large,60.191643714904785,10,10,1,TPC-B (sort of),simple,60 s,30819,data_directory = '/var/lib/postgresql/9.5/main'
i-0464b32ef428fd1de,1565288912-13,z1d.large,60.19897675514221,10,10,1,TPC-B (sort of),simple,60 s,32005,data_directory = '/var/lib/postgresql/9.5/main'
i-0464b32ef428fd1de,1565288912-14,z1d.large,60.192798376083374,10,10,1,TPC-B (sort of),simple,60 s,29859,data_directory = '/var/lib/postgresql/9.5/main'
i-0464b32ef428fd1de,1565288912-15,z1d.large,60.184781551361084,10,10,1,TPC-B (sort of),simple,60 s,29814,data_directory = '/var/lib/postgresql/9.5/main'
i-0464b32ef428fd1de,1565288912-16,z1d.large,60.193408727645874,10,10,1,TPC-B (sort of),simple,60 s,30256,data_directory = '/var/lib/postgresql/9.5/main'
i-0464b32ef428fd1de,1565288912-17,z1d.large,60.19719314575195,10,10,1,TPC-B (sort of),simple,60 s,29788,data_directory = '/var/lib/postgresql/9.5/main'
i-0464b32ef428fd1de,1565288912-18,z1d.large,60.187788248062134,10,10,1,TPC-B (sort of),simple,60 s,29568,data_directory = '/var/lib/postgresql/9.5/main'
i-0464b32ef428fd1de,1565288912-19,z1d.large,60.179351568222046,10,10,1,TPC-B (sort of),simple,60 s,28251,data_directory = '/var/lib/postgresql/9.5/main'
i-0464b32ef428fd1de,1565288912-20,z1d.large,60.183409214019775,10,10,1,TPC-B (sort of),simple,60 s,27304,data_directory = '/var/lib/postgresql/9.5/main'
i-0464b32ef428fd1de,1565288912-21,z1d.large,60.19549751281738,10,10,1,TPC-B (sort of),simple,60 s,28085,data_directory = '/var/lib/postgresql/9.5/main'
i-0464b32ef428fd1de,1565288912-22,z1d.large,60.18135857582092,10,10,1,TPC-B (sort of),simple,60 s,26907,data_directory = '/var/lib/postgresql/9.5/main'
i-0464b32ef428fd1de,1565288912-23,z1d.large,60.20659685134888,10,10,1,TPC-B (sort of),simple,60 s,27148,data_directory = '/var/lib/postgresql/9.5/main'
i-0eb1e6ee8e6d09191,1565288912-0,z1d.large,60.193459272384644,10,10,1,TPC-B (sort of),simple,60 s,38683,data_directory = '/var/lib/postgresql/9.5/main'
i-0eb1e6ee8e6d09191,1565288912-1,z1d.large,60.1838264465332,10,10,1,TPC-B (sort of),simple,60 s,36938,data_directory = '/var/lib/postgresql/9.5/main'
i-0eb1e6ee8e6d09191,1565288912-2,z1d.large,60.166565895080566,10,10,1,TPC-B (sort of),simple,60 s,34389,data_directory = '/var/lib/postgresql/9.5/main'
i-0eb1e6ee8e6d09191,1565288912-3,z1d.large,60.171395778656006,10,10,1,TPC-B (sort of),simple,60 s,31720,data_directory = '/var/lib/postgresql/9.5/main'
i-0eb1e6ee8e6d09191,1565288912-4,z1d.large,60.194828033447266,10,10,1,TPC-B (sort of),simple,60 s,32280,data_directory = '/var/lib/postgresql/9.5/main'
i-0eb1e6ee8e6d09191,1565288912-5,z1d.large,60.16805076599121,10,10,1,TPC-B (sort of),simple,60 s,32639,data_directory = '/var/lib/postgresql/9.5/main'
i-0eb1e6ee8e6d09191,1565288912-6,z1d.large,60.19881987571716,10,10,1,TPC-B (sort of),simple,60 s,33488,data_directory = '/var/lib/postgresql/9.5/main'
i-0eb1e6ee8e6d09191,1565288912-7,z1d.large,60.187171459198,10,10,1,TPC-B (sort of),simple,60 s,31491,data_directory = '/var/lib/postgresql/9.5/main'
i-0eb1e6ee8e6d09191,1565288912-8,z1d.large,60.18488907814026,10,10,1,TPC-B (sort of),simple,60 s,32822,data_directory = '/var/lib/postgresql/9.5/main'
i-0eb1e6ee8e6d09191,1565288912-9,z1d.large,60.18871188163757,10,10,1,TPC-B (sort of),simple,60 s,32459,data_directory = '/var/lib/postgresql/9.5/main'
i-0eb1e6ee8e6d09191,1565288912-10,z1d.large,60.165764570236206,10,10,1,TPC-B (sort of),simple,60 s,29483,data_directory = '/var/lib/postgresql/9.5/main'
i-0eb1e6ee8e6d09191,1565288912-11,z1d.large,60.171544313430786,10,10,1,TPC-B (sort of),simple,60 s,31317,data_directory = '/var/lib/postgresql/9.5/main'
i-0eb1e6ee8e6d09191,1565288912-12,z1d.large,60.17208695411682,10,10,1,TPC-B (sort of),simple,60 s,31208,data_directory = '/var/lib/postgresql/9.5/main'
i-0eb1e6ee8e6d09191,1565288912-13,z1d.large,60.20238375663757,10,10,1,TPC-B (sort of),simple,60 s,31512,data_directory = '/var/lib/postgresql/9.5/main'
i-0eb1e6ee8e6d09191,1565288912-14,z1d.large,60.186248540878296,10,10,1,TPC-B (sort of),simple,60 s,29410,data_directory = '/var/lib/postgresql/9.5/main'
i-0eb1e6ee8e6d09191,1565288912-15,z1d.large,60.1845817565918,10,10,1,TPC-B (sort of),simple,60 s,29702,data_directory = '/var/lib/postgresql/9.5/main'
i-0eb1e6ee8e6d09191,1565288912-16,z1d.large,60.169434547424316,10,10,1,TPC-B (sort of),simple,60 s,30201,data_directory = '/var/lib/postgresql/9.5/main'
i-0eb1e6ee8e6d09191,1565288912-17,z1d.large,60.19902539253235,10,10,1,TPC-B (sort of),simple,60 s,29897,data_directory = '/var/lib/postgresql/9.5/main'
i-0eb1e6ee8e6d09191,1565288912-18,z1d.large,60.17715358734131,10,10,1,TPC-B (sort of),simple,60 s,29693,data_directory = '/var/lib/postgresql/9.5/main'
i-0eb1e6ee8e6d09191,1565288912-19,z1d.large,60.1678147315979,10,10,1,TPC-B (sort of),simple,60 s,28010,data_directory = '/var/lib/postgresql/9.5/main'
i-0eb1e6ee8e6d09191,1565288912-20,z1d.large,60.19498157501221,10,10,1,TPC-B (sort of),simple,60 s,27552,data_directory = '/var/lib/postgresql/9.5/main'
i-0eb1e6ee8e6d09191,1565288912-21,z1d.large,60.19417858123779,10,10,1,TPC-B (sort of),simple,60 s,27803,data_directory = '/var/lib/postgresql/9.5/main'
i-0eb1e6ee8e6d09191,1565288912-22,z1d.large,60.20509719848633,10,10,1,TPC-B (sort of),simple,60 s,27064,data_directory = '/var/lib/postgresql/9.5/main'
i-0eb1e6ee8e6d09191,1565288912-23,z1d.large,60.19182085990906,10,10,1,TPC-B (sort of),simple,60 s,27093,data_directory = '/var/lib/postgresql/9.5/main'
i-06f2f9f80717803f6,1565288912-15,z1d.large,60.23273968696594,10,10,1,TPC-B (sort of),simple,60 s,30102,data_directory = '/var/lib/postgresql/9.5/main'
i-06f2f9f80717803f6,1565288912-16,z1d.large,60.18928265571594,10,10,1,TPC-B (sort of),simple,60 s,30183,data_directory = '/var/lib/postgresql/9.5/main'
i-06f2f9f80717803f6,1565288912-17,z1d.large,60.196332693099976,10,10,1,TPC-B (sort of),simple,60 s,29843,data_directory = '/var/lib/postgresql/9.5/main'
i-06f2f9f80717803f6,1565288912-18,z1d.large,60.18661069869995,10,10,1,TPC-B (sort of),simple,60 s,29341,data_directory = '/var/lib/postgresql/9.5/main'
i-06f2f9f80717803f6,1565288912-19,z1d.large,60.18641662597656,10,10,1,TPC-B (sort of),simple,60 s,28049,data_directory = '/var/lib/postgresql/9.5/main'
i-06f2f9f80717803f6,1565288912-20,z1d.large,60.17986249923706,10,10,1,TPC-B (sort of),simple,60 s,27276,data_directory = '/var/lib/postgresql/9.5/main'
i-06f2f9f80717803f6,1565288912-21,z1d.large,60.190447092056274,10,10,1,TPC-B (sort of),simple,60 s,27946,data_directory = '/var/lib/postgresql/9.5/main'
i-06f2f9f80717803f6,1565288912-22,z1d.large,60.20136308670044,10,10,1,TPC-B (sort of),simple,60 s,27029,data_directory = '/var/lib/postgresql/9.5/main'
i-06f2f9f80717803f6,1565288912-23,z1d.large,60.1988890171051,10,10,1,TPC-B (sort of),simple,60 s,27363,data_directory = '/var/lib/postgresql/9.5/main'
i-064f50858048ac4ab,1565288912-12,z1d.large,60.2101309299469,10,10,1,TPC-B (sort of),simple,60 s,29953,data_directory = '/var/lib/postgresql/9.5/main'
i-064f50858048ac4ab,1565288912-13,z1d.large,60.17734241485596,10,10,1,TPC-B (sort of),simple,60 s,30536,data_directory = '/var/lib/postgresql/9.5/main'
i-064f50858048ac4ab,1565288912-14,z1d.large,60.16910982131958,10,10,1,TPC-B (sort of),simple,60 s,30133,data_directory = '/var/lib/postgresql/9.5/main'
i-064f50858048ac4ab,1565288912-15,z1d.large,60.198917627334595,10,10,1,TPC-B (sort of),simple,60 s,29721,data_directory = '/var/lib/postgresql/9.5/main'
i-064f50858048ac4ab,1565288912-16,z1d.large,60.161205768585205,10,10,1,TPC-B (sort of),simple,60 s,29688,data_directory = '/var/lib/postgresql/9.5/main'
i-064f50858048ac4ab,1565288912-17,z1d.large,60.1815185546875,10,10,1,TPC-B (sort of),simple,60 s,28035,data_directory = '/var/lib/postgresql/9.5/main'
i-064f50858048ac4ab,1565288912-18,z1d.large,60.18228077888489,10,10,1,TPC-B (sort of),simple,60 s,28870,data_directory = '/var/lib/postgresql/9.5/main'
i-064f50858048ac4ab,1565288912-19,z1d.large,60.186660289764404,10,10,1,TPC-B (sort of),simple,60 s,27978,data_directory = '/var/lib/postgresql/9.5/main'
i-064f50858048ac4ab,1565288912-20,z1d.large,60.174315214157104,10,10,1,TPC-B (sort of),simple,60 s,28068,data_directory = '/var/lib/postgresql/9.5/main'
i-064f50858048ac4ab,1565288912-21,z1d.large,60.170992612838745,10,10,1,TPC-B (sort of),simple,60 s,28413,data_directory = '/var/lib/postgresql/9.5/main'
i-064f50858048ac4ab,1565288912-22,z1d.large,60.19369101524353,10,10,1,TPC-B (sort of),simple,60 s,27443,data_directory = '/var/lib/postgresql/9.5/main'
i-064f50858048ac4ab,1565288912-23,z1d.large,60.1990065574646,10,10,1,TPC-B (sort of),simple,60 s,27301,data_directory = '/var/lib/postgresql/9.5/main'
i-0bde22045b4cf2b33,1565288912-2,z1d.large,60.20558834075928,10,10,1,TPC-B (sort of),simple,60 s,35010,data_directory = '/var/lib/postgresql/9.5/main'
i-0bde22045b4cf2b33,1565288912-3,z1d.large,60.18107318878174,10,10,1,TPC-B (sort of),simple,60 s,31878,data_directory = '/var/lib/postgresql/9.5/main'
i-0bde22045b4cf2b33,1565288912-4,z1d.large,60.171749114990234,10,10,1,TPC-B (sort of),simple,60 s,32550,data_directory = '/var/lib/postgresql/9.5/main'
i-0bde22045b4cf2b33,1565288912-5,z1d.large,60.17123556137085,10,10,1,TPC-B (sort of),simple,60 s,32473,data_directory = '/var/lib/postgresql/9.5/main'
i-0bde22045b4cf2b33,1565288912-6,z1d.large,60.17280673980713,10,10,1,TPC-B (sort of),simple,60 s,33654,data_directory = '/var/lib/postgresql/9.5/main'
i-0bde22045b4cf2b33,1565288912-7,z1d.large,60.1720290184021,10,10,1,TPC-B (sort of),simple,60 s,31970,data_directory = '/var/lib/postgresql/9.5/main'
i-0bde22045b4cf2b33,1565288912-8,z1d.large,60.177117586135864,10,10,1,TPC-B (sort of),simple,60 s,33251,data_directory = '/var/lib/postgresql/9.5/main'
i-0bde22045b4cf2b33,1565288912-9,z1d.large,60.17198443412781,10,10,1,TPC-B (sort of),simple,60 s,32815,data_directory = '/var/lib/postgresql/9.5/main'
i-0bde22045b4cf2b33,1565288912-10,z1d.large,60.16325807571411,10,10,1,TPC-B (sort of),simple,60 s,29960,data_directory = '/var/lib/postgresql/9.5/main'
i-0bde22045b4cf2b33,1565288912-11,z1d.large,60.166287660598755,10,10,1,TPC-B (sort of),simple,60 s,30933,data_directory = '/var/lib/postgresql/9.5/main'
i-0bde22045b4cf2b33,1565288912-12,z1d.large,60.169015407562256,10,10,1,TPC-B (sort of),simple,60 s,31061,data_directory = '/var/lib/postgresql/9.5/main'
i-0bde22045b4cf2b33,1565288912-13,z1d.large,60.171387672424316,10,10,1,TPC-B (sort of),simple,60 s,31500,data_directory = '/var/lib/postgresql/9.5/main'
i-0bde22045b4cf2b33,1565288912-14,z1d.large,60.169339656829834,10,10,1,TPC-B (sort of),simple,60 s,29803,data_directory = '/var/lib/postgresql/9.5/main'
i-0bde22045b4cf2b33,1565288912-15,z1d.large,60.192201137542725,10,10,1,TPC-B (sort of),simple,60 s,29862,data_directory = '/var/lib/postgresql/9.5/main'
i-0bde22045b4cf2b33,1565288912-16,z1d.large,60.16930651664734,10,10,1,TPC-B (sort of),simple,60 s,30103,data_directory = '/var/lib/postgresql/9.5/main'
i-0bde22045b4cf2b33,1565288912-17,z1d.large,60.18198537826538,10,10,1,TPC-B (sort of),simple,60 s,29632,data_directory = '/var/lib/postgresql/9.5/main'
i-0bde22045b4cf2b33,1565288912-18,z1d.large,60.190430641174316,10,10,1,TPC-B (sort of),simple,60 s,29565,data_directory = '/var/lib/postgresql/9.5/main'
i-0bde22045b4cf2b33,1565288912-19,z1d.large,60.182889223098755,10,10,1,TPC-B (sort of),simple,60 s,27913,data_directory = '/var/lib/postgresql/9.5/main'
i-0bde22045b4cf2b33,1565288912-20,z1d.large,60.18433237075806,10,10,1,TPC-B (sort of),simple,60 s,27458,data_directory = '/var/lib/postgresql/9.5/main'
i-0bde22045b4cf2b33,1565288912-21,z1d.large,60.175172328948975,10,10,1,TPC-B (sort of),simple,60 s,28433,data_directory = '/var/lib/postgresql/9.5/main'
i-0bde22045b4cf2b33,1565288912-22,z1d.large,60.190035820007324,10,10,1,TPC-B (sort of),simple,60 s,26834,data_directory = '/var/lib/postgresql/9.5/main'
i-0bde22045b4cf2b33,1565288912-23,z1d.large,60.184096574783325,10,10,1,TPC-B (sort of),simple,60 s,27415,data_directory = '/var/lib/postgresql/9.5/main'
i-0612d9fafdbe1bdcb,1565288912-23,z1d.large,60.21169567108154,10,10,1,TPC-B (sort of),simple,60 s,27277,data_directory = '/var/lib/postgresql/9.5/main'
i-01d78034988bed100,1565288912-3,z1d.large,60.20862674713135,10,10,1,TPC-B (sort of),simple,60 s,33264,data_directory = '/var/lib/postgresql/9.5/main'
i-01d78034988bed100,1565288912-4,z1d.large,60.18568301200867,10,10,1,TPC-B (sort of),simple,60 s,32349,data_directory = '/var/lib/postgresql/9.5/main'
i-01d78034988bed100,1565288912-5,z1d.large,60.17743921279907,10,10,1,TPC-B (sort of),simple,60 s,32801,data_directory = '/var/lib/postgresql/9.5/main'
i-01d78034988bed100,1565288912-6,z1d.large,60.176305294036865,10,10,1,TPC-B (sort of),simple,60 s,33311,data_directory = '/var/lib/postgresql/9.5/main'
i-01d78034988bed100,1565288912-7,z1d.large,60.18358898162842,10,10,1,TPC-B (sort of),simple,60 s,31889,data_directory = '/var/lib/postgresql/9.5/main'
i-01d78034988bed100,1565288912-8,z1d.large,60.18261218070984,10,10,1,TPC-B (sort of),simple,60 s,32928,data_directory = '/var/lib/postgresql/9.5/main'
i-01d78034988bed100,1565288912-9,z1d.large,60.17549967765808,10,10,1,TPC-B (sort of),simple,60 s,32729,data_directory = '/var/lib/postgresql/9.5/main'
i-01d78034988bed100,1565288912-10,z1d.large,60.18280744552612,10,10,1,TPC-B (sort of),simple,60 s,30213,data_directory = '/var/lib/postgresql/9.5/main'
i-01d78034988bed100,1565288912-11,z1d.large,60.18521499633789,10,10,1,TPC-B (sort of),simple,60 s,30681,data_directory = '/var/lib/postgresql/9.5/main'
i-01d78034988bed100,1565288912-12,z1d.large,60.19936943054199,10,10,1,TPC-B (sort of),simple,60 s,30827,data_directory = '/var/lib/postgresql/9.5/main'
i-01d78034988bed100,1565288912-13,z1d.large,60.17220211029053,10,10,1,TPC-B (sort of),simple,60 s,31962,data_directory = '/var/lib/postgresql/9.5/main'
i-01d78034988bed100,1565288912-14,z1d.large,60.18497014045715,10,10,1,TPC-B (sort of),simple,60 s,29903,data_directory = '/var/lib/postgresql/9.5/main'
i-01d78034988bed100,1565288912-15,z1d.large,60.174678564071655,10,10,1,TPC-B (sort of),simple,60 s,29810,data_directory = '/var/lib/postgresql/9.5/main'
i-01d78034988bed100,1565288912-16,z1d.large,60.179901361465454,10,10,1,TPC-B (sort of),simple,60 s,30367,data_directory = '/var/lib/postgresql/9.5/main'
i-01d78034988bed100,1565288912-17,z1d.large,60.180696964263916,10,10,1,TPC-B (sort of),simple,60 s,29669,data_directory = '/var/lib/postgresql/9.5/main'
i-01d78034988bed100,1565288912-18,z1d.large,60.18269729614258,10,10,1,TPC-B (sort of),simple,60 s,29564,data_directory = '/var/lib/postgresql/9.5/main'
i-01d78034988bed100,1565288912-19,z1d.large,60.187312602996826,10,10,1,TPC-B (sort of),simple,60 s,28175,data_directory = '/var/lib/postgresql/9.5/main'
i-01d78034988bed100,1565288912-20,z1d.large,60.16793179512024,10,10,1,TPC-B (sort of),simple,60 s,27334,data_directory = '/var/lib/postgresql/9.5/main'
i-01d78034988bed100,1565288912-21,z1d.large,60.19009304046631,10,10,1,TPC-B (sort of),simple,60 s,28174,data_directory = '/var/lib/postgresql/9.5/main'
i-01d78034988bed100,1565288912-22,z1d.large,60.18262505531311,10,10,1,TPC-B (sort of),simple,60 s,26837,data_directory = '/var/lib/postgresql/9.5/main'
i-01d78034988bed100,1565288912-23,z1d.large,60.20301961898804,10,10,1,TPC-B (sort of),simple,60 s,27178,data_directory = '/var/lib/postgresql/9.5/main'
i-04a04d3520276eaba,1565288912-9,z1d.large,60.22280430793762,10,10,1,TPC-B (sort of),simple,60 s,41181,data_directory = '/var/lib/postgresql/9.5/main'
i-04a04d3520276eaba,1565288912-10,z1d.large,60.193901777267456,10,10,1,TPC-B (sort of),simple,60 s,37270,data_directory = '/var/lib/postgresql/9.5/main'
i-04a04d3520276eaba,1565288912-11,z1d.large,60.176615476608276,10,10,1,TPC-B (sort of),simple,60 s,38260,data_directory = '/var/lib/postgresql/9.5/main'
i-04a04d3520276eaba,1565288912-12,z1d.large,60.21742510795593,10,10,1,TPC-B (sort of),simple,60 s,37434,data_directory = '/var/lib/postgresql/9.5/main'
i-04a04d3520276eaba,1565288912-13,z1d.large,60.20967721939087,10,10,1,TPC-B (sort of),simple,60 s,37642,data_directory = '/var/lib/postgresql/9.5/main'
i-04a04d3520276eaba,1565288912-14,z1d.large,60.20215153694153,10,10,1,TPC-B (sort of),simple,60 s,36456,data_directory = '/var/lib/postgresql/9.5/main'
i-04a04d3520276eaba,1565288912-15,z1d.large,60.19951581954956,10,10,1,TPC-B (sort of),simple,60 s,34593,data_directory = '/var/lib/postgresql/9.5/main'
i-04a04d3520276eaba,1565288912-16,z1d.large,60.197479248046875,10,10,1,TPC-B (sort of),simple,60 s,34460,data_directory = '/var/lib/postgresql/9.5/main'
i-04a04d3520276eaba,1565288912-17,z1d.large,60.20818853378296,10,10,1,TPC-B (sort of),simple,60 s,34047,data_directory = '/var/lib/postgresql/9.5/main'
i-04a04d3520276eaba,1565288912-18,z1d.large,60.19678783416748,10,10,1,TPC-B (sort of),simple,60 s,33037,data_directory = '/var/lib/postgresql/9.5/main'
i-04a04d3520276eaba,1565288912-19,z1d.large,60.20012021064758,10,10,1,TPC-B (sort of),simple,60 s,31707,data_directory = '/var/lib/postgresql/9.5/main'
i-04a04d3520276eaba,1565288912-20,z1d.large,60.21462345123291,10,10,1,TPC-B (sort of),simple,60 s,29959,data_directory = '/var/lib/postgresql/9.5/main'
i-04a04d3520276eaba,1565288912-21,z1d.large,60.20454812049866,10,10,1,TPC-B (sort of),simple,60 s,30847,data_directory = '/var/lib/postgresql/9.5/main'
i-04a04d3520276eaba,1565288912-22,z1d.large,60.21210551261902,10,10,1,TPC-B (sort of),simple,60 s,29473,data_directory = '/var/lib/postgresql/9.5/main'
i-04a04d3520276eaba,1565288912-23,z1d.large,60.19021224975586,10,10,1,TPC-B (sort of),simple,60 s,30384,data_directory = '/var/lib/postgresql/9.5/main'
i-02c76d0f6d7876e81,1565288912-11,z1d.large,60.22323679924011,10,10,1,TPC-B (sort of),simple,60 s,31743,data_directory = '/var/lib/postgresql/9.5/main'
i-02c76d0f6d7876e81,1565288912-12,z1d.large,60.20365858078003,10,10,1,TPC-B (sort of),simple,60 s,29548,data_directory = '/var/lib/postgresql/9.5/main'
i-02c76d0f6d7876e81,1565288912-13,z1d.large,60.185823917388916,10,10,1,TPC-B (sort of),simple,60 s,30714,data_directory = '/var/lib/postgresql/9.5/main'
i-02c76d0f6d7876e81,1565288912-14,z1d.large,60.20927381515503,10,10,1,TPC-B (sort of),simple,60 s,30342,data_directory = '/var/lib/postgresql/9.5/main'
i-02c76d0f6d7876e81,1565288912-15,z1d.large,60.1896333694458,10,10,1,TPC-B (sort of),simple,60 s,29778,data_directory = '/var/lib/postgresql/9.5/main'
i-02c76d0f6d7876e81,1565288912-16,z1d.large,60.18023705482483,10,10,1,TPC-B (sort of),simple,60 s,29675,data_directory = '/var/lib/postgresql/9.5/main'
i-02c76d0f6d7876e81,1565288912-17,z1d.large,60.19019293785095,10,10,1,TPC-B (sort of),simple,60 s,28162,data_directory = '/var/lib/postgresql/9.5/main'
i-02c76d0f6d7876e81,1565288912-18,z1d.large,60.19845962524414,10,10,1,TPC-B (sort of),simple,60 s,28472,data_directory = '/var/lib/postgresql/9.5/main'
i-02c76d0f6d7876e81,1565288912-19,z1d.large,60.199729442596436,10,10,1,TPC-B (sort of),simple,60 s,27899,data_directory = '/var/lib/postgresql/9.5/main'
i-02c76d0f6d7876e81,1565288912-20,z1d.large,60.19943428039551,10,10,1,TPC-B (sort of),simple,60 s,27816,data_directory = '/var/lib/postgresql/9.5/main'
i-02c76d0f6d7876e81,1565288912-21,z1d.large,60.19317054748535,10,10,1,TPC-B (sort of),simple,60 s,27915,data_directory = '/var/lib/postgresql/9.5/main'
i-02c76d0f6d7876e81,1565288912-22,z1d.large,60.18337965011597,10,10,1,TPC-B (sort of),simple,60 s,27355,data_directory = '/var/lib/postgresql/9.5/main'
i-02c76d0f6d7876e81,1565288912-23,z1d.large,60.20812129974365,10,10,1,TPC-B (sort of),simple,60 s,27345,data_directory = '/var/lib/postgresql/9.5/main'
i-0abc987f48107374f,1565288912-8,z1d.large,60.237258434295654,10,10,1,TPC-B (sort of),simple,60 s,43911,data_directory = '/var/lib/postgresql/9.5/main'
i-0abc987f48107374f,1565288912-9,z1d.large,60.18323087692261,10,10,1,TPC-B (sort of),simple,60 s,41414,data_directory = '/var/lib/postgresql/9.5/main'
i-0abc987f48107374f,1565288912-10,z1d.large,60.177114725112915,10,10,1,TPC-B (sort of),simple,60 s,38953,data_directory = '/var/lib/postgresql/9.5/main'
i-0abc987f48107374f,1565288912-11,z1d.large,60.184001207351685,10,10,1,TPC-B (sort of),simple,60 s,37939,data_directory = '/var/lib/postgresql/9.5/main'
i-0abc987f48107374f,1565288912-12,z1d.large,60.18914794921875,10,10,1,TPC-B (sort of),simple,60 s,37749,data_directory = '/var/lib/postgresql/9.5/main'
i-0abc987f48107374f,1565288912-13,z1d.large,60.18674421310425,10,10,1,TPC-B (sort of),simple,60 s,38327,data_directory = '/var/lib/postgresql/9.5/main'
i-0abc987f48107374f,1565288912-14,z1d.large,60.32266592979431,10,10,1,TPC-B (sort of),simple,60 s,36419,data_directory = '/var/lib/postgresql/9.5/main'
i-0abc987f48107374f,1565288912-15,z1d.large,60.196823835372925,10,10,1,TPC-B (sort of),simple,60 s,34829,data_directory = '/var/lib/postgresql/9.5/main'
i-0abc987f48107374f,1565288912-16,z1d.large,60.167879819869995,10,10,1,TPC-B (sort of),simple,60 s,34454,data_directory = '/var/lib/postgresql/9.5/main'
i-0abc987f48107374f,1565288912-17,z1d.large,60.191246032714844,10,10,1,TPC-B (sort of),simple,60 s,33906,data_directory = '/var/lib/postgresql/9.5/main'
i-0abc987f48107374f,1565288912-18,z1d.large,60.19722533226013,10,10,1,TPC-B (sort of),simple,60 s,33329,data_directory = '/var/lib/postgresql/9.5/main'
i-0abc987f48107374f,1565288912-19,z1d.large,60.180877923965454,10,10,1,TPC-B (sort of),simple,60 s,31716,data_directory = '/var/lib/postgresql/9.5/main'
i-0abc987f48107374f,1565288912-20,z1d.large,60.184319257736206,10,10,1,TPC-B (sort of),simple,60 s,30160,data_directory = '/var/lib/postgresql/9.5/main'
i-0abc987f48107374f,1565288912-21,z1d.large,60.167661905288696,10,10,1,TPC-B (sort of),simple,60 s,31488,data_directory = '/var/lib/postgresql/9.5/main'
i-0abc987f48107374f,1565288912-22,z1d.large,60.20074200630188,10,10,1,TPC-B (sort of),simple,60 s,29916,data_directory = '/var/lib/postgresql/9.5/main'
i-0abc987f48107374f,1565288912-23,z1d.large,60.20620059967041,10,10,1,TPC-B (sort of),simple,60 s,30659,data_directory = '/var/lib/postgresql/9.5/main'
i-0d3ae3a4702d1f634,1565288912-18,z1d.large,60.235384941101074,10,10,1,TPC-B (sort of),simple,60 s,29521,data_directory = '/var/lib/postgresql/9.5/main'
i-0d3ae3a4702d1f634,1565288912-19,z1d.large,60.177937507629395,10,10,1,TPC-B (sort of),simple,60 s,28060,data_directory = '/var/lib/postgresql/9.5/main'
i-0d3ae3a4702d1f634,1565288912-20,z1d.large,60.18530797958374,10,10,1,TPC-B (sort of),simple,60 s,27439,data_directory = '/var/lib/postgresql/9.5/main'
i-0d3ae3a4702d1f634,1565288912-21,z1d.large,60.168315410614014,10,10,1,TPC-B (sort of),simple,60 s,27801,data_directory = '/var/lib/postgresql/9.5/main'
i-0d3ae3a4702d1f634,1565288912-22,z1d.large,60.18658232688904,10,10,1,TPC-B (sort of),simple,60 s,26684,data_directory = '/var/lib/postgresql/9.5/main'
i-0d3ae3a4702d1f634,1565288912-23,z1d.large,60.17330288887024,10,10,1,TPC-B (sort of),simple,60 s,27581,data_directory = '/var/lib/postgresql/9.5/main'
i-0b2e2189a0cf94ee5,1565288912-21,z1d.large,60.23383140563965,10,10,1,TPC-B (sort of),simple,60 s,27919,data_directory = '/var/lib/postgresql/9.5/main'
i-0b2e2189a0cf94ee5,1565288912-22,z1d.large,60.176878213882446,10,10,1,TPC-B (sort of),simple,60 s,27258,data_directory = '/var/lib/postgresql/9.5/main'
i-0b2e2189a0cf94ee5,1565288912-23,z1d.large,60.19382953643799,10,10,1,TPC-B (sort of),simple,60 s,27213,data_directory = '/var/lib/postgresql/9.5/main'
i-03b671e69a68826ec,1565288912-6,z1d.large,60.18157505989075,10,10,1,TPC-B (sort of),simple,60 s,36334,data_directory = '/var/lib/postgresql/9.5/main'
i-03b671e69a68826ec,1565288912-7,z1d.large,60.18211603164673,10,10,1,TPC-B (sort of),simple,60 s,33566,data_directory = '/var/lib/postgresql/9.5/main'
i-03b671e69a68826ec,1565288912-8,z1d.large,60.17547655105591,10,10,1,TPC-B (sort of),simple,60 s,32610,data_directory = '/var/lib/postgresql/9.5/main'
i-03b671e69a68826ec,1565288912-9,z1d.large,60.176828384399414,10,10,1,TPC-B (sort of),simple,60 s,31181,data_directory = '/var/lib/postgresql/9.5/main'
i-03b671e69a68826ec,1565288912-10,z1d.large,60.18044686317444,10,10,1,TPC-B (sort of),simple,60 s,32357,data_directory = '/var/lib/postgresql/9.5/main'
i-03b671e69a68826ec,1565288912-11,z1d.large,60.178096294403076,10,10,1,TPC-B (sort of),simple,60 s,31043,data_directory = '/var/lib/postgresql/9.5/main'
i-03b671e69a68826ec,1565288912-12,z1d.large,60.18528175354004,10,10,1,TPC-B (sort of),simple,60 s,29908,data_directory = '/var/lib/postgresql/9.5/main'
i-03b671e69a68826ec,1565288912-13,z1d.large,60.16861152648926,10,10,1,TPC-B (sort of),simple,60 s,30582,data_directory = '/var/lib/postgresql/9.5/main'
i-03b671e69a68826ec,1565288912-14,z1d.large,60.197482109069824,10,10,1,TPC-B (sort of),simple,60 s,30428,data_directory = '/var/lib/postgresql/9.5/main'
i-03b671e69a68826ec,1565288912-15,z1d.large,60.19473624229431,10,10,1,TPC-B (sort of),simple,60 s,29838,data_directory = '/var/lib/postgresql/9.5/main'
i-03b671e69a68826ec,1565288912-16,z1d.large,60.17204976081848,10,10,1,TPC-B (sort of),simple,60 s,30187,data_directory = '/var/lib/postgresql/9.5/main'
i-03b671e69a68826ec,1565288912-17,z1d.large,60.18949270248413,10,10,1,TPC-B (sort of),simple,60 s,28172,data_directory = '/var/lib/postgresql/9.5/main'
i-03b671e69a68826ec,1565288912-18,z1d.large,60.17962050437927,10,10,1,TPC-B (sort of),simple,60 s,28366,data_directory = '/var/lib/postgresql/9.5/main'
i-03b671e69a68826ec,1565288912-19,z1d.large,60.19450616836548,10,10,1,TPC-B (sort of),simple,60 s,27811,data_directory = '/var/lib/postgresql/9.5/main'
i-03b671e69a68826ec,1565288912-20,z1d.large,60.17653703689575,10,10,1,TPC-B (sort of),simple,60 s,27816,data_directory = '/var/lib/postgresql/9.5/main'
i-03b671e69a68826ec,1565288912-21,z1d.large,60.17233729362488,10,10,1,TPC-B (sort of),simple,60 s,27985,data_directory = '/var/lib/postgresql/9.5/main'
i-03b671e69a68826ec,1565288912-22,z1d.large,60.1933388710022,10,10,1,TPC-B (sort of),simple,60 s,27418,data_directory = '/var/lib/postgresql/9.5/main'
i-03b671e69a68826ec,1565288912-23,z1d.large,60.16926646232605,10,10,1,TPC-B (sort of),simple,60 s,27622,data_directory = '/var/lib/postgresql/9.5/main'
i-0be31d32319fd16ec,1565288912-20,z1d.large,60.24341440200806,10,10,1,TPC-B (sort of),simple,60 s,27154,data_directory = '/var/lib/postgresql/9.5/main'
i-0be31d32319fd16ec,1565288912-21,z1d.large,60.168686389923096,10,10,1,TPC-B (sort of),simple,60 s,28272,data_directory = '/var/lib/postgresql/9.5/main'
i-0be31d32319fd16ec,1565288912-22,z1d.large,60.184839725494385,10,10,1,TPC-B (sort of),simple,60 s,26801,data_directory = '/var/lib/postgresql/9.5/main'
i-0be31d32319fd16ec,1565288912-23,z1d.large,60.19008207321167,10,10,1,TPC-B (sort of),simple,60 s,27371,data_directory = '/var/lib/postgresql/9.5/main'
i-087d5fd645f66ab71,1565288912-10,z1d.large,60.22273230552673,10,10,1,TPC-B (sort of),simple,60 s,30803,data_directory = '/var/lib/postgresql/9.5/main'
i-087d5fd645f66ab71,1565288912-11,z1d.large,60.19173455238342,10,10,1,TPC-B (sort of),simple,60 s,31079,data_directory = '/var/lib/postgresql/9.5/main'
i-087d5fd645f66ab71,1565288912-12,z1d.large,60.1978919506073,10,10,1,TPC-B (sort of),simple,60 s,31082,data_directory = '/var/lib/postgresql/9.5/main'
i-087d5fd645f66ab71,1565288912-13,z1d.large,60.19517803192139,10,10,1,TPC-B (sort of),simple,60 s,31962,data_directory = '/var/lib/postgresql/9.5/main'
i-087d5fd645f66ab71,1565288912-14,z1d.large,60.201499700546265,10,10,1,TPC-B (sort of),simple,60 s,30299,data_directory = '/var/lib/postgresql/9.5/main'
i-087d5fd645f66ab71,1565288912-15,z1d.large,60.19822883605957,10,10,1,TPC-B (sort of),simple,60 s,29597,data_directory = '/var/lib/postgresql/9.5/main'
i-087d5fd645f66ab71,1565288912-16,z1d.large,60.194281339645386,10,10,1,TPC-B (sort of),simple,60 s,30108,data_directory = '/var/lib/postgresql/9.5/main'
i-087d5fd645f66ab71,1565288912-17,z1d.large,60.19002866744995,10,10,1,TPC-B (sort of),simple,60 s,29785,data_directory = '/var/lib/postgresql/9.5/main'
i-087d5fd645f66ab71,1565288912-18,z1d.large,60.19623041152954,10,10,1,TPC-B (sort of),simple,60 s,29551,data_directory = '/var/lib/postgresql/9.5/main'
i-087d5fd645f66ab71,1565288912-19,z1d.large,60.193790674209595,10,10,1,TPC-B (sort of),simple,60 s,27818,data_directory = '/var/lib/postgresql/9.5/main'
i-087d5fd645f66ab71,1565288912-20,z1d.large,60.21658515930176,10,10,1,TPC-B (sort of),simple,60 s,27358,data_directory = '/var/lib/postgresql/9.5/main'
i-087d5fd645f66ab71,1565288912-21,z1d.large,60.209256172180176,10,10,1,TPC-B (sort of),simple,60 s,27976,data_directory = '/var/lib/postgresql/9.5/main'
i-087d5fd645f66ab71,1565288912-22,z1d.large,60.22247314453125,10,10,1,TPC-B (sort of),simple,60 s,26822,data_directory = '/var/lib/postgresql/9.5/main'
i-087d5fd645f66ab71,1565288912-23,z1d.large,60.2002477645874,10,10,1,TPC-B (sort of),simple,60 s,27346,data_directory = '/var/lib/postgresql/9.5/main'
i-0e0b4b2d087b1d3e5,1565288912-22,z1d.large,60.252981185913086,10,10,1,TPC-B (sort of),simple,60 s,27039,data_directory = '/var/lib/postgresql/9.5/main'
i-0e0b4b2d087b1d3e5,1565288912-23,z1d.large,60.1940712928772,10,10,1,TPC-B (sort of),simple,60 s,27310,data_directory = '/var/lib/postgresql/9.5/main'
i-00660e85fd9a48ee5,1565288912-5,z1d.large,60.213688373565674,10,10,1,TPC-B (sort of),simple,60 s,36444,data_directory = '/var/lib/postgresql/9.5/main'
i-00660e85fd9a48ee5,1565288912-6,z1d.large,60.183719873428345,10,10,1,TPC-B (sort of),simple,60 s,35433,data_directory = '/var/lib/postgresql/9.5/main'
i-00660e85fd9a48ee5,1565288912-7,z1d.large,60.18290734291077,10,10,1,TPC-B (sort of),simple,60 s,33439,data_directory = '/var/lib/postgresql/9.5/main'
i-00660e85fd9a48ee5,1565288912-8,z1d.large,60.18759346008301,10,10,1,TPC-B (sort of),simple,60 s,32167,data_directory = '/var/lib/postgresql/9.5/main'
i-00660e85fd9a48ee5,1565288912-9,z1d.large,60.17740082740784,10,10,1,TPC-B (sort of),simple,60 s,32007,data_directory = '/var/lib/postgresql/9.5/main'
i-00660e85fd9a48ee5,1565288912-10,z1d.large,60.19321346282959,10,10,1,TPC-B (sort of),simple,60 s,32442,data_directory = '/var/lib/postgresql/9.5/main'
i-00660e85fd9a48ee5,1565288912-11,z1d.large,60.17603158950806,10,10,1,TPC-B (sort of),simple,60 s,31401,data_directory = '/var/lib/postgresql/9.5/main'
i-00660e85fd9a48ee5,1565288912-12,z1d.large,60.17655396461487,10,10,1,TPC-B (sort of),simple,60 s,29914,data_directory = '/var/lib/postgresql/9.5/main'
i-00660e85fd9a48ee5,1565288912-13,z1d.large,60.20579528808594,10,10,1,TPC-B (sort of),simple,60 s,30558,data_directory = '/var/lib/postgresql/9.5/main'
i-00660e85fd9a48ee5,1565288912-14,z1d.large,60.1745171546936,10,10,1,TPC-B (sort of),simple,60 s,30323,data_directory = '/var/lib/postgresql/9.5/main'
i-00660e85fd9a48ee5,1565288912-15,z1d.large,60.20001697540283,10,10,1,TPC-B (sort of),simple,60 s,30152,data_directory = '/var/lib/postgresql/9.5/main'
i-00660e85fd9a48ee5,1565288912-16,z1d.large,60.172568559646606,10,10,1,TPC-B (sort of),simple,60 s,30230,data_directory = '/var/lib/postgresql/9.5/main'
i-00660e85fd9a48ee5,1565288912-17,z1d.large,60.18249750137329,10,10,1,TPC-B (sort of),simple,60 s,28029,data_directory = '/var/lib/postgresql/9.5/main'
i-00660e85fd9a48ee5,1565288912-18,z1d.large,60.30666732788086,10,10,1,TPC-B (sort of),simple,60 s,29048,data_directory = '/var/lib/postgresql/9.5/main'
i-00660e85fd9a48ee5,1565288912-19,z1d.large,60.18634080886841,10,10,1,TPC-B (sort of),simple,60 s,27963,data_directory = '/var/lib/postgresql/9.5/main'
i-00660e85fd9a48ee5,1565288912-20,z1d.large,60.299198627471924,10,10,1,TPC-B (sort of),simple,60 s,28083,data_directory = '/var/lib/postgresql/9.5/main'
i-00660e85fd9a48ee5,1565288912-21,z1d.large,60.17972993850708,10,10,1,TPC-B (sort of),simple,60 s,28526,data_directory = '/var/lib/postgresql/9.5/main'
i-00660e85fd9a48ee5,1565288912-22,z1d.large,60.20043587684631,10,10,1,TPC-B (sort of),simple,60 s,27470,data_directory = '/var/lib/postgresql/9.5/main'
i-00660e85fd9a48ee5,1565288912-23,z1d.large,60.18783473968506,10,10,1,TPC-B (sort of),simple,60 s,27241,data_directory = '/var/lib/postgresql/9.5/main'
i-06b20df7780c93d77,1565288912-13,z1d.large,60.22774791717529,10,10,1,TPC-B (sort of),simple,60 s,37464,data_directory = '/var/lib/postgresql/9.5/main'
i-06b20df7780c93d77,1565288912-14,z1d.large,60.17659306526184,10,10,1,TPC-B (sort of),simple,60 s,37082,data_directory = '/var/lib/postgresql/9.5/main'
i-06b20df7780c93d77,1565288912-15,z1d.large,60.1912784576416,10,10,1,TPC-B (sort of),simple,60 s,36004,data_directory = '/var/lib/postgresql/9.5/main'
i-06b20df7780c93d77,1565288912-16,z1d.large,60.17093539237976,10,10,1,TPC-B (sort of),simple,60 s,35124,data_directory = '/var/lib/postgresql/9.5/main'
i-06b20df7780c93d77,1565288912-17,z1d.large,60.19637131690979,10,10,1,TPC-B (sort of),simple,60 s,33025,data_directory = '/var/lib/postgresql/9.5/main'
i-06b20df7780c93d77,1565288912-18,z1d.large,60.19357419013977,10,10,1,TPC-B (sort of),simple,60 s,33610,data_directory = '/var/lib/postgresql/9.5/main'
i-06b20df7780c93d77,1565288912-19,z1d.large,60.17594313621521,10,10,1,TPC-B (sort of),simple,60 s,32607,data_directory = '/var/lib/postgresql/9.5/main'
i-06b20df7780c93d77,1565288912-20,z1d.large,60.1985719203949,10,10,1,TPC-B (sort of),simple,60 s,32706,data_directory = '/var/lib/postgresql/9.5/main'
i-06b20df7780c93d77,1565288912-21,z1d.large,60.19216966629028,10,10,1,TPC-B (sort of),simple,60 s,31700,data_directory = '/var/lib/postgresql/9.5/main'
i-06b20df7780c93d77,1565288912-22,z1d.large,60.199124813079834,10,10,1,TPC-B (sort of),simple,60 s,31329,data_directory = '/var/lib/postgresql/9.5/main'
i-06b20df7780c93d77,1565288912-23,z1d.large,60.197176456451416,10,10,1,TPC-B (sort of),simple,60 s,31120,data_directory = '/var/lib/postgresql/9.5/main'
i-070ee06ba9cf7d893,1565288912-7,z1d.large,60.27143931388855,10,10,1,TPC-B (sort of),simple,60 s,33286,data_directory = '/var/lib/postgresql/9.5/main'
i-070ee06ba9cf7d893,1565288912-8,z1d.large,60.184316873550415,10,10,1,TPC-B (sort of),simple,60 s,32669,data_directory = '/var/lib/postgresql/9.5/main'
i-070ee06ba9cf7d893,1565288912-9,z1d.large,60.191068172454834,10,10,1,TPC-B (sort of),simple,60 s,31773,data_directory = '/var/lib/postgresql/9.5/main'
i-070ee06ba9cf7d893,1565288912-10,z1d.large,60.19096922874451,10,10,1,TPC-B (sort of),simple,60 s,32368,data_directory = '/var/lib/postgresql/9.5/main'
i-070ee06ba9cf7d893,1565288912-11,z1d.large,60.18184161186218,10,10,1,TPC-B (sort of),simple,60 s,31204,data_directory = '/var/lib/postgresql/9.5/main'
i-070ee06ba9cf7d893,1565288912-12,z1d.large,60.174684047698975,10,10,1,TPC-B (sort of),simple,60 s,29616,data_directory = '/var/lib/postgresql/9.5/main'
i-070ee06ba9cf7d893,1565288912-13,z1d.large,60.20912504196167,10,10,1,TPC-B (sort of),simple,60 s,31006,data_directory = '/var/lib/postgresql/9.5/main'
i-070ee06ba9cf7d893,1565288912-14,z1d.large,60.19716668128967,10,10,1,TPC-B (sort of),simple,60 s,30267,data_directory = '/var/lib/postgresql/9.5/main'
i-070ee06ba9cf7d893,1565288912-15,z1d.large,60.18655037879944,10,10,1,TPC-B (sort of),simple,60 s,29863,data_directory = '/var/lib/postgresql/9.5/main'
i-070ee06ba9cf7d893,1565288912-16,z1d.large,60.18299055099487,10,10,1,TPC-B (sort of),simple,60 s,29642,data_directory = '/var/lib/postgresql/9.5/main'
i-070ee06ba9cf7d893,1565288912-17,z1d.large,60.203710079193115,10,10,1,TPC-B (sort of),simple,60 s,28116,data_directory = '/var/lib/postgresql/9.5/main'
i-070ee06ba9cf7d893,1565288912-18,z1d.large,60.19000601768494,10,10,1,TPC-B (sort of),simple,60 s,28411,data_directory = '/var/lib/postgresql/9.5/main'
i-070ee06ba9cf7d893,1565288912-19,z1d.large,60.19989633560181,10,10,1,TPC-B (sort of),simple,60 s,27861,data_directory = '/var/lib/postgresql/9.5/main'
i-070ee06ba9cf7d893,1565288912-20,z1d.large,60.20514178276062,10,10,1,TPC-B (sort of),simple,60 s,27684,data_directory = '/var/lib/postgresql/9.5/main'
i-070ee06ba9cf7d893,1565288912-21,z1d.large,60.19582915306091,10,10,1,TPC-B (sort of),simple,60 s,27837,data_directory = '/var/lib/postgresql/9.5/main'
i-070ee06ba9cf7d893,1565288912-22,z1d.large,60.21141719818115,10,10,1,TPC-B (sort of),simple,60 s,27321,data_directory = '/var/lib/postgresql/9.5/main'
i-070ee06ba9cf7d893,1565288912-23,z1d.large,60.22250318527222,10,10,1,TPC-B (sort of),simple,60 s,27474,data_directory = '/var/lib/postgresql/9.5/main'
i-0df2193c0087a903f,1565288912-4,z1d.large,60.194207429885864,10,10,1,TPC-B (sort of),simple,60 s,38776,data_directory = '/var/lib/postgresql/9.5/main'
i-0df2193c0087a903f,1565288912-5,z1d.large,60.1700382232666,10,10,1,TPC-B (sort of),simple,60 s,35880,data_directory = '/var/lib/postgresql/9.5/main'
i-0df2193c0087a903f,1565288912-6,z1d.large,60.17870759963989,10,10,1,TPC-B (sort of),simple,60 s,35588,data_directory = '/var/lib/postgresql/9.5/main'
i-0df2193c0087a903f,1565288912-7,z1d.large,60.19353628158569,10,10,1,TPC-B (sort of),simple,60 s,33263,data_directory = '/var/lib/postgresql/9.5/main'
i-0df2193c0087a903f,1565288912-8,z1d.large,60.20505142211914,10,10,1,TPC-B (sort of),simple,60 s,32990,data_directory = '/var/lib/postgresql/9.5/main'
i-0df2193c0087a903f,1565288912-9,z1d.large,60.20400619506836,10,10,1,TPC-B (sort of),simple,60 s,31569,data_directory = '/var/lib/postgresql/9.5/main'
i-0df2193c0087a903f,1565288912-10,z1d.large,60.181886434555054,10,10,1,TPC-B (sort of),simple,60 s,32221,data_directory = '/var/lib/postgresql/9.5/main'
i-0df2193c0087a903f,1565288912-11,z1d.large,60.18277645111084,10,10,1,TPC-B (sort of),simple,60 s,31111,data_directory = '/var/lib/postgresql/9.5/main'
i-0df2193c0087a903f,1565288912-12,z1d.large,60.16815495491028,10,10,1,TPC-B (sort of),simple,60 s,29657,data_directory = '/var/lib/postgresql/9.5/main'
i-0df2193c0087a903f,1565288912-13,z1d.large,60.190205335617065,10,10,1,TPC-B (sort of),simple,60 s,30702,data_directory = '/var/lib/postgresql/9.5/main'
i-0df2193c0087a903f,1565288912-14,z1d.large,60.190627336502075,10,10,1,TPC-B (sort of),simple,60 s,30389,data_directory = '/var/lib/postgresql/9.5/main'
i-0df2193c0087a903f,1565288912-15,z1d.large,60.29493689537048,10,10,1,TPC-B (sort of),simple,60 s,30074,data_directory = '/var/lib/postgresql/9.5/main'
i-0df2193c0087a903f,1565288912-16,z1d.large,60.18641471862793,10,10,1,TPC-B (sort of),simple,60 s,29553,data_directory = '/var/lib/postgresql/9.5/main'
i-0df2193c0087a903f,1565288912-17,z1d.large,60.18764400482178,10,10,1,TPC-B (sort of),simple,60 s,28262,data_directory = '/var/lib/postgresql/9.5/main'
i-0df2193c0087a903f,1565288912-18,z1d.large,60.178508281707764,10,10,1,TPC-B (sort of),simple,60 s,28444,data_directory = '/var/lib/postgresql/9.5/main'
i-0df2193c0087a903f,1565288912-19,z1d.large,60.17379355430603,10,10,1,TPC-B (sort of),simple,60 s,27929,data_directory = '/var/lib/postgresql/9.5/main'
i-0df2193c0087a903f,1565288912-20,z1d.large,60.201138734817505,10,10,1,TPC-B (sort of),simple,60 s,28114,data_directory = '/var/lib/postgresql/9.5/main'
i-0df2193c0087a903f,1565288912-21,z1d.large,60.20317721366882,10,10,1,TPC-B (sort of),simple,60 s,27956,data_directory = '/var/lib/postgresql/9.5/main'
i-0df2193c0087a903f,1565288912-22,z1d.large,60.20244836807251,10,10,1,TPC-B (sort of),simple,60 s,27397,data_directory = '/var/lib/postgresql/9.5/main'
i-0df2193c0087a903f,1565288912-23,z1d.large,60.21780014038086,10,10,1,TPC-B (sort of),simple,60 s,27597,data_directory = '/var/lib/postgresql/9.5/main'
i-0e90fbf53c532db88,1565288912-16,z1d.large,60.232566595077515,10,10,1,TPC-B (sort of),simple,60 s,29392,data_directory = '/var/lib/postgresql/9.5/main'
i-0e90fbf53c532db88,1565288912-17,z1d.large,60.193076848983765,10,10,1,TPC-B (sort of),simple,60 s,27832,data_directory = '/var/lib/postgresql/9.5/main'
i-0e90fbf53c532db88,1565288912-18,z1d.large,60.195534467697144,10,10,1,TPC-B (sort of),simple,60 s,28657,data_directory = '/var/lib/postgresql/9.5/main'
i-0e90fbf53c532db88,1565288912-19,z1d.large,60.200135231018066,10,10,1,TPC-B (sort of),simple,60 s,27966,data_directory = '/var/lib/postgresql/9.5/main'
i-0e90fbf53c532db88,1565288912-20,z1d.large,60.196736097335815,10,10,1,TPC-B (sort of),simple,60 s,27682,data_directory = '/var/lib/postgresql/9.5/main'
i-0e90fbf53c532db88,1565288912-21,z1d.large,60.176814794540405,10,10,1,TPC-B (sort of),simple,60 s,28253,data_directory = '/var/lib/postgresql/9.5/main'
i-0e90fbf53c532db88,1565288912-22,z1d.large,60.19572997093201,10,10,1,TPC-B (sort of),simple,60 s,27293,data_directory = '/var/lib/postgresql/9.5/main'
i-0e90fbf53c532db88,1565288912-23,z1d.large,60.203527212142944,10,10,1,TPC-B (sort of),simple,60 s,27371,data_directory = '/var/lib/postgresql/9.5/main'
i-029965dbbaf23869c,1565288912-17,z1d.large,60.2463436126709,10,10,1,TPC-B (sort of),simple,60 s,28221,data_directory = '/var/lib/postgresql/9.5/main'
i-029965dbbaf23869c,1565288912-18,z1d.large,60.20022177696228,10,10,1,TPC-B (sort of),simple,60 s,28564,data_directory = '/var/lib/postgresql/9.5/main'
i-029965dbbaf23869c,1565288912-19,z1d.large,60.1917142868042,10,10,1,TPC-B (sort of),simple,60 s,27958,data_directory = '/var/lib/postgresql/9.5/main'
i-029965dbbaf23869c,1565288912-20,z1d.large,60.2073290348053,10,10,1,TPC-B (sort of),simple,60 s,27983,data_directory = '/var/lib/postgresql/9.5/main'
i-029965dbbaf23869c,1565288912-21,z1d.large,60.177873373031616,10,10,1,TPC-B (sort of),simple,60 s,27961,data_directory = '/var/lib/postgresql/9.5/main'
i-029965dbbaf23869c,1565288912-22,z1d.large,60.21908760070801,10,10,1,TPC-B (sort of),simple,60 s,27266,data_directory = '/var/lib/postgresql/9.5/main'
i-029965dbbaf23869c,1565288912-23,z1d.large,60.21170783042908,10,10,1,TPC-B (sort of),simple,60 s,27268,data_directory = '/var/lib/postgresql/9.5/main'
i-00307173e8e39ec3c,1565288912-19,z1d.large,60.23579287528992,10,10,1,TPC-B (sort of),simple,60 s,28315,data_directory = '/var/lib/postgresql/9.5/main'
i-00307173e8e39ec3c,1565288912-20,z1d.large,60.18418860435486,10,10,1,TPC-B (sort of),simple,60 s,27332,data_directory = '/var/lib/postgresql/9.5/main'
i-00307173e8e39ec3c,1565288912-21,z1d.large,60.17928671836853,10,10,1,TPC-B (sort of),simple,60 s,27936,data_directory = '/var/lib/postgresql/9.5/main'
i-00307173e8e39ec3c,1565288912-22,z1d.large,60.18073391914368,10,10,1,TPC-B (sort of),simple,60 s,26858,data_directory = '/var/lib/postgresql/9.5/main'
i-00307173e8e39ec3c,1565288912-23,z1d.large,60.193360567092896,10,10,1,TPC-B (sort of),simple,60 s,27240,data_directory = '/var/lib/postgresql/9.5/main'
i-0221850223e3484a2,1565288912-14,z1d.large,60.18976306915283,10,10,1,TPC-B (sort of),simple,60 s,35354,data_directory = '/var/lib/postgresql/9.5/main'
i-0221850223e3484a2,1565288912-15,z1d.large,60.19943714141846,10,10,1,TPC-B (sort of),simple,60 s,34661,data_directory = '/var/lib/postgresql/9.5/main'
i-0221850223e3484a2,1565288912-16,z1d.large,60.173051834106445,10,10,1,TPC-B (sort of),simple,60 s,34567,data_directory = '/var/lib/postgresql/9.5/main'
i-0221850223e3484a2,1565288912-17,z1d.large,60.198230504989624,10,10,1,TPC-B (sort of),simple,60 s,31641,data_directory = '/var/lib/postgresql/9.5/main'
i-0221850223e3484a2,1565288912-18,z1d.large,60.17035984992981,10,10,1,TPC-B (sort of),simple,60 s,32925,data_directory = '/var/lib/postgresql/9.5/main'
i-0221850223e3484a2,1565288912-19,z1d.large,60.18146514892578,10,10,1,TPC-B (sort of),simple,60 s,31563,data_directory = '/var/lib/postgresql/9.5/main'
i-0221850223e3484a2,1565288912-20,z1d.large,60.194743156433105,10,10,1,TPC-B (sort of),simple,60 s,32211,data_directory = '/var/lib/postgresql/9.5/main'
i-0221850223e3484a2,1565288912-21,z1d.large,60.17886662483215,10,10,1,TPC-B (sort of),simple,60 s,31709,data_directory = '/var/lib/postgresql/9.5/main'
i-0221850223e3484a2,1565288912-22,z1d.large,60.19285726547241,10,10,1,TPC-B (sort of),simple,60 s,30444,data_directory = '/var/lib/postgresql/9.5/main'
i-0221850223e3484a2,1565288912-23,z1d.large,60.174787759780884,10,10,1,TPC-B (sort of),simple,60 s,30986,data_directory = '/var/lib/postgresql/9.5/main'
i-0464b32ef428fd1de,1565293295-1,z1d.large,60.1767692565918,10,10,1,TPC-B (sort of),simple,60 s,36848,data_directory = '/var/lib/postgresql/9.5/main'
i-0464b32ef428fd1de,1565293295-2,z1d.large,60.176775217056274,10,10,1,TPC-B (sort of),simple,60 s,35488,data_directory = '/var/lib/postgresql/9.5/main'
i-0464b32ef428fd1de,1565293295-3,z1d.large,60.18181109428406,10,10,1,TPC-B (sort of),simple,60 s,32948,data_directory = '/var/lib/postgresql/9.5/main'
i-0464b32ef428fd1de,1565293295-4,z1d.large,60.20113778114319,10,10,1,TPC-B (sort of),simple,60 s,33652,data_directory = '/var/lib/postgresql/9.5/main'
i-0464b32ef428fd1de,1565293295-5,z1d.large,60.19089984893799,10,10,1,TPC-B (sort of),simple,60 s,31905,data_directory = '/var/lib/postgresql/9.5/main'
i-0464b32ef428fd1de,1565293295-6,z1d.large,60.18295669555664,10,10,1,TPC-B (sort of),simple,60 s,32076,data_directory = '/var/lib/postgresql/9.5/main'
i-0464b32ef428fd1de,1565293295-7,z1d.large,60.18268942832947,10,10,1,TPC-B (sort of),simple,60 s,32439,data_directory = '/var/lib/postgresql/9.5/main'
i-0464b32ef428fd1de,1565293295-8,z1d.large,60.19740438461304,10,10,1,TPC-B (sort of),simple,60 s,32386,data_directory = '/var/lib/postgresql/9.5/main'
i-0464b32ef428fd1de,1565293295-9,z1d.large,60.18759512901306,10,10,1,TPC-B (sort of),simple,60 s,33049,data_directory = '/var/lib/postgresql/9.5/main'
i-0464b32ef428fd1de,1565293295-10,z1d.large,60.177393674850464,10,10,1,TPC-B (sort of),simple,60 s,30590,data_directory = '/var/lib/postgresql/9.5/main'
i-0464b32ef428fd1de,1565293295-11,z1d.large,60.17437243461609,10,10,1,TPC-B (sort of),simple,60 s,31207,data_directory = '/var/lib/postgresql/9.5/main'
i-0464b32ef428fd1de,1565293295-12,z1d.large,60.18402671813965,10,10,1,TPC-B (sort of),simple,60 s,31049,data_directory = '/var/lib/postgresql/9.5/main'
i-0464b32ef428fd1de,1565293295-13,z1d.large,60.19971179962158,10,10,1,TPC-B (sort of),simple,60 s,30512,data_directory = '/var/lib/postgresql/9.5/main'
i-0464b32ef428fd1de,1565293295-14,z1d.large,60.191758155822754,10,10,1,TPC-B (sort of),simple,60 s,30807,data_directory = '/var/lib/postgresql/9.5/main'
i-0464b32ef428fd1de,1565293295-15,z1d.large,60.19945788383484,10,10,1,TPC-B (sort of),simple,60 s,29176,data_directory = '/var/lib/postgresql/9.5/main'
i-0464b32ef428fd1de,1565293295-16,z1d.large,60.2021701335907,10,10,1,TPC-B (sort of),simple,60 s,29324,data_directory = '/var/lib/postgresql/9.5/main'
i-0464b32ef428fd1de,1565293295-17,z1d.large,60.19434833526611,10,10,1,TPC-B (sort of),simple,60 s,30559,data_directory = '/var/lib/postgresql/9.5/main'
i-0464b32ef428fd1de,1565293295-18,z1d.large,60.18219757080078,10,10,1,TPC-B (sort of),simple,60 s,28862,data_directory = '/var/lib/postgresql/9.5/main'
i-0464b32ef428fd1de,1565293295-19,z1d.large,60.19430160522461,10,10,1,TPC-B (sort of),simple,60 s,28688,data_directory = '/var/lib/postgresql/9.5/main'
i-0464b32ef428fd1de,1565293295-20,z1d.large,60.21664118766785,10,10,1,TPC-B (sort of),simple,60 s,27429,data_directory = '/var/lib/postgresql/9.5/main'
i-0464b32ef428fd1de,1565293295-21,z1d.large,60.18973350524902,10,10,1,TPC-B (sort of),simple,60 s,27524,data_directory = '/var/lib/postgresql/9.5/main'
i-0464b32ef428fd1de,1565293295-22,z1d.large,60.187610149383545,10,10,1,TPC-B (sort of),simple,60 s,27348,data_directory = '/var/lib/postgresql/9.5/main'
i-0464b32ef428fd1de,1565293295-23,z1d.large,60.1933376789093,10,10,1,TPC-B (sort of),simple,60 s,27010,data_directory = '/var/lib/postgresql/9.5/main'
i-0eb1e6ee8e6d09191,1565293295-0,z1d.large,60.160059452056885,10,10,1,TPC-B (sort of),simple,60 s,37928,data_directory = '/var/lib/postgresql/9.5/main'
i-0eb1e6ee8e6d09191,1565293295-1,z1d.large,60.18130564689636,10,10,1,TPC-B (sort of),simple,60 s,36486,data_directory = '/var/lib/postgresql/9.5/main'
i-0eb1e6ee8e6d09191,1565293295-2,z1d.large,60.17259883880615,10,10,1,TPC-B (sort of),simple,60 s,35225,data_directory = '/var/lib/postgresql/9.5/main'
i-0eb1e6ee8e6d09191,1565293295-3,z1d.large,60.17064809799194,10,10,1,TPC-B (sort of),simple,60 s,32992,data_directory = '/var/lib/postgresql/9.5/main'
i-0eb1e6ee8e6d09191,1565293295-4,z1d.large,60.19542121887207,10,10,1,TPC-B (sort of),simple,60 s,33283,data_directory = '/var/lib/postgresql/9.5/main'
i-0eb1e6ee8e6d09191,1565293295-5,z1d.large,60.17751860618591,10,10,1,TPC-B (sort of),simple,60 s,31997,data_directory = '/var/lib/postgresql/9.5/main'
i-0eb1e6ee8e6d09191,1565293295-6,z1d.large,60.18233847618103,10,10,1,TPC-B (sort of),simple,60 s,31979,data_directory = '/var/lib/postgresql/9.5/main'
i-0eb1e6ee8e6d09191,1565293295-7,z1d.large,60.175352573394775,10,10,1,TPC-B (sort of),simple,60 s,32507,data_directory = '/var/lib/postgresql/9.5/main'
i-0eb1e6ee8e6d09191,1565293295-8,z1d.large,60.18531680107117,10,10,1,TPC-B (sort of),simple,60 s,32296,data_directory = '/var/lib/postgresql/9.5/main'
i-0eb1e6ee8e6d09191,1565293295-9,z1d.large,60.18382000923157,10,10,1,TPC-B (sort of),simple,60 s,33026,data_directory = '/var/lib/postgresql/9.5/main'
i-0eb1e6ee8e6d09191,1565293295-10,z1d.large,60.18564462661743,10,10,1,TPC-B (sort of),simple,60 s,30618,data_directory = '/var/lib/postgresql/9.5/main'
i-0eb1e6ee8e6d09191,1565293295-11,z1d.large,60.199471950531006,10,10,1,TPC-B (sort of),simple,60 s,30868,data_directory = '/var/lib/postgresql/9.5/main'
i-0eb1e6ee8e6d09191,1565293295-12,z1d.large,60.182374715805054,10,10,1,TPC-B (sort of),simple,60 s,31486,data_directory = '/var/lib/postgresql/9.5/main'
i-0eb1e6ee8e6d09191,1565293295-13,z1d.large,60.18766665458679,10,10,1,TPC-B (sort of),simple,60 s,30253,data_directory = '/var/lib/postgresql/9.5/main'
i-0eb1e6ee8e6d09191,1565293295-14,z1d.large,60.189443826675415,10,10,1,TPC-B (sort of),simple,60 s,31129,data_directory = '/var/lib/postgresql/9.5/main'
i-0eb1e6ee8e6d09191,1565293295-15,z1d.large,60.18362069129944,10,10,1,TPC-B (sort of),simple,60 s,29719,data_directory = '/var/lib/postgresql/9.5/main'
i-0eb1e6ee8e6d09191,1565293295-16,z1d.large,60.18308711051941,10,10,1,TPC-B (sort of),simple,60 s,29268,data_directory = '/var/lib/postgresql/9.5/main'
i-0eb1e6ee8e6d09191,1565293295-17,z1d.large,60.17894673347473,10,10,1,TPC-B (sort of),simple,60 s,30181,data_directory = '/var/lib/postgresql/9.5/main'
i-0eb1e6ee8e6d09191,1565293295-18,z1d.large,60.189929485321045,10,10,1,TPC-B (sort of),simple,60 s,28737,data_directory = '/var/lib/postgresql/9.5/main'
i-0eb1e6ee8e6d09191,1565293295-19,z1d.large,60.199378490448,10,10,1,TPC-B (sort of),simple,60 s,28650,data_directory = '/var/lib/postgresql/9.5/main'
i-0eb1e6ee8e6d09191,1565293295-20,z1d.large,60.18444323539734,10,10,1,TPC-B (sort of),simple,60 s,27601,data_directory = '/var/lib/postgresql/9.5/main'
i-0eb1e6ee8e6d09191,1565293295-21,z1d.large,60.1931517124176,10,10,1,TPC-B (sort of),simple,60 s,27399,data_directory = '/var/lib/postgresql/9.5/main'
i-0eb1e6ee8e6d09191,1565293295-22,z1d.large,60.18728017807007,10,10,1,TPC-B (sort of),simple,60 s,27553,data_directory = '/var/lib/postgresql/9.5/main'
i-0eb1e6ee8e6d09191,1565293295-23,z1d.large,60.199524879455566,10,10,1,TPC-B (sort of),simple,60 s,26991,data_directory = '/var/lib/postgresql/9.5/main'
i-06f2f9f80717803f6,1565293295-15,z1d.large,60.204745054244995,10,10,1,TPC-B (sort of),simple,60 s,29975,data_directory = '/var/lib/postgresql/9.5/main'
i-06f2f9f80717803f6,1565293295-16,z1d.large,60.1897292137146,10,10,1,TPC-B (sort of),simple,60 s,28885,data_directory = '/var/lib/postgresql/9.5/main'
i-06f2f9f80717803f6,1565293295-17,z1d.large,60.199676513671875,10,10,1,TPC-B (sort of),simple,60 s,30224,data_directory = '/var/lib/postgresql/9.5/main'
i-06f2f9f80717803f6,1565293295-18,z1d.large,60.18048429489136,10,10,1,TPC-B (sort of),simple,60 s,28497,data_directory = '/var/lib/postgresql/9.5/main'
i-06f2f9f80717803f6,1565293295-19,z1d.large,60.19645810127258,10,10,1,TPC-B (sort of),simple,60 s,28563,data_directory = '/var/lib/postgresql/9.5/main'
i-06f2f9f80717803f6,1565293295-20,z1d.large,60.21044993400574,10,10,1,TPC-B (sort of),simple,60 s,27519,data_directory = '/var/lib/postgresql/9.5/main'
i-06f2f9f80717803f6,1565293295-21,z1d.large,60.208550214767456,10,10,1,TPC-B (sort of),simple,60 s,27236,data_directory = '/var/lib/postgresql/9.5/main'
i-06f2f9f80717803f6,1565293295-22,z1d.large,60.19072675704956,10,10,1,TPC-B (sort of),simple,60 s,27276,data_directory = '/var/lib/postgresql/9.5/main'
i-06f2f9f80717803f6,1565293295-23,z1d.large,60.18712902069092,10,10,1,TPC-B (sort of),simple,60 s,26879,data_directory = '/var/lib/postgresql/9.5/main'
i-064f50858048ac4ab,1565293295-12,z1d.large,60.18054151535034,10,10,1,TPC-B (sort of),simple,60 s,30762,data_directory = '/var/lib/postgresql/9.5/main'
i-064f50858048ac4ab,1565293295-13,z1d.large,60.186004400253296,10,10,1,TPC-B (sort of),simple,60 s,29774,data_directory = '/var/lib/postgresql/9.5/main'
i-064f50858048ac4ab,1565293295-14,z1d.large,60.16834735870361,10,10,1,TPC-B (sort of),simple,60 s,30386,data_directory = '/var/lib/postgresql/9.5/main'
i-064f50858048ac4ab,1565293295-15,z1d.large,60.17885684967041,10,10,1,TPC-B (sort of),simple,60 s,29119,data_directory = '/var/lib/postgresql/9.5/main'
i-064f50858048ac4ab,1565293295-16,z1d.large,60.161327838897705,10,10,1,TPC-B (sort of),simple,60 s,28222,data_directory = '/var/lib/postgresql/9.5/main'
i-064f50858048ac4ab,1565293295-17,z1d.large,60.17661213874817,10,10,1,TPC-B (sort of),simple,60 s,28709,data_directory = '/var/lib/postgresql/9.5/main'
i-064f50858048ac4ab,1565293295-18,z1d.large,60.2032196521759,10,10,1,TPC-B (sort of),simple,60 s,28129,data_directory = '/var/lib/postgresql/9.5/main'
i-064f50858048ac4ab,1565293295-19,z1d.large,60.175461292266846,10,10,1,TPC-B (sort of),simple,60 s,28522,data_directory = '/var/lib/postgresql/9.5/main'
i-064f50858048ac4ab,1565293295-20,z1d.large,60.180750608444214,10,10,1,TPC-B (sort of),simple,60 s,27560,data_directory = '/var/lib/postgresql/9.5/main'
i-064f50858048ac4ab,1565293295-21,z1d.large,60.17385172843933,10,10,1,TPC-B (sort of),simple,60 s,27328,data_directory = '/var/lib/postgresql/9.5/main'
i-064f50858048ac4ab,1565293295-22,z1d.large,60.169169902801514,10,10,1,TPC-B (sort of),simple,60 s,27847,data_directory = '/var/lib/postgresql/9.5/main'
i-064f50858048ac4ab,1565293295-23,z1d.large,60.19394326210022,10,10,1,TPC-B (sort of),simple,60 s,26870,data_directory = '/var/lib/postgresql/9.5/main'
i-0bde22045b4cf2b33,1565293295-2,z1d.large,60.16464185714722,10,10,1,TPC-B (sort of),simple,60 s,35419,data_directory = '/var/lib/postgresql/9.5/main'
i-0bde22045b4cf2b33,1565293295-3,z1d.large,60.1737334728241,10,10,1,TPC-B (sort of),simple,60 s,32685,data_directory = '/var/lib/postgresql/9.5/main'
i-0bde22045b4cf2b33,1565293295-4,z1d.large,60.16578006744385,10,10,1,TPC-B (sort of),simple,60 s,33143,data_directory = '/var/lib/postgresql/9.5/main'
i-0bde22045b4cf2b33,1565293295-5,z1d.large,60.18715763092041,10,10,1,TPC-B (sort of),simple,60 s,32072,data_directory = '/var/lib/postgresql/9.5/main'
i-0bde22045b4cf2b33,1565293295-6,z1d.large,60.17181444168091,10,10,1,TPC-B (sort of),simple,60 s,31863,data_directory = '/var/lib/postgresql/9.5/main'
i-0bde22045b4cf2b33,1565293295-7,z1d.large,60.17319321632385,10,10,1,TPC-B (sort of),simple,60 s,32783,data_directory = '/var/lib/postgresql/9.5/main'
i-0bde22045b4cf2b33,1565293295-8,z1d.large,60.17703890800476,10,10,1,TPC-B (sort of),simple,60 s,32220,data_directory = '/var/lib/postgresql/9.5/main'
i-0bde22045b4cf2b33,1565293295-9,z1d.large,60.16347670555115,10,10,1,TPC-B (sort of),simple,60 s,32744,data_directory = '/var/lib/postgresql/9.5/main'
i-0bde22045b4cf2b33,1565293295-10,z1d.large,60.18279981613159,10,10,1,TPC-B (sort of),simple,60 s,30565,data_directory = '/var/lib/postgresql/9.5/main'
i-0bde22045b4cf2b33,1565293295-11,z1d.large,60.20605969429016,10,10,1,TPC-B (sort of),simple,60 s,30961,data_directory = '/var/lib/postgresql/9.5/main'
i-0bde22045b4cf2b33,1565293295-12,z1d.large,60.1723473072052,10,10,1,TPC-B (sort of),simple,60 s,30962,data_directory = '/var/lib/postgresql/9.5/main'
i-0bde22045b4cf2b33,1565293295-13,z1d.large,60.189945936203,10,10,1,TPC-B (sort of),simple,60 s,30493,data_directory = '/var/lib/postgresql/9.5/main'
i-0bde22045b4cf2b33,1565293295-14,z1d.large,60.18053221702576,10,10,1,TPC-B (sort of),simple,60 s,30817,data_directory = '/var/lib/postgresql/9.5/main'
i-0bde22045b4cf2b33,1565293295-15,z1d.large,60.18145442008972,10,10,1,TPC-B (sort of),simple,60 s,29635,data_directory = '/var/lib/postgresql/9.5/main'
i-0bde22045b4cf2b33,1565293295-16,z1d.large,60.17193031311035,10,10,1,TPC-B (sort of),simple,60 s,28953,data_directory = '/var/lib/postgresql/9.5/main'
i-0bde22045b4cf2b33,1565293295-17,z1d.large,60.17517828941345,10,10,1,TPC-B (sort of),simple,60 s,30354,data_directory = '/var/lib/postgresql/9.5/main'
i-0bde22045b4cf2b33,1565293295-18,z1d.large,60.18412923812866,10,10,1,TPC-B (sort of),simple,60 s,28488,data_directory = '/var/lib/postgresql/9.5/main'
i-0bde22045b4cf2b33,1565293295-19,z1d.large,60.190407276153564,10,10,1,TPC-B (sort of),simple,60 s,29148,data_directory = '/var/lib/postgresql/9.5/main'
i-0bde22045b4cf2b33,1565293295-20,z1d.large,60.18606185913086,10,10,1,TPC-B (sort of),simple,60 s,27518,data_directory = '/var/lib/postgresql/9.5/main'
i-0bde22045b4cf2b33,1565293295-21,z1d.large,60.184860706329346,10,10,1,TPC-B (sort of),simple,60 s,27445,data_directory = '/var/lib/postgresql/9.5/main'
i-0bde22045b4cf2b33,1565293295-22,z1d.large,60.318644523620605,10,10,1,TPC-B (sort of),simple,60 s,27238,data_directory = '/var/lib/postgresql/9.5/main'
i-0bde22045b4cf2b33,1565293295-23,z1d.large,60.172999143600464,10,10,1,TPC-B (sort of),simple,60 s,27018,data_directory = '/var/lib/postgresql/9.5/main'
i-0612d9fafdbe1bdcb,1565293295-23,z1d.large,60.19323968887329,10,10,1,TPC-B (sort of),simple,60 s,26682,data_directory = '/var/lib/postgresql/9.5/main'
i-01d78034988bed100,1565293295-3,z1d.large,60.1795871257782,10,10,1,TPC-B (sort of),simple,60 s,33269,data_directory = '/var/lib/postgresql/9.5/main'
i-01d78034988bed100,1565293295-4,z1d.large,60.17471671104431,10,10,1,TPC-B (sort of),simple,60 s,33528,data_directory = '/var/lib/postgresql/9.5/main'
i-01d78034988bed100,1565293295-5,z1d.large,60.17748165130615,10,10,1,TPC-B (sort of),simple,60 s,32160,data_directory = '/var/lib/postgresql/9.5/main'
i-01d78034988bed100,1565293295-6,z1d.large,60.18973207473755,10,10,1,TPC-B (sort of),simple,60 s,31925,data_directory = '/var/lib/postgresql/9.5/main'
i-01d78034988bed100,1565293295-7,z1d.large,60.17682504653931,10,10,1,TPC-B (sort of),simple,60 s,33172,data_directory = '/var/lib/postgresql/9.5/main'
i-01d78034988bed100,1565293295-8,z1d.large,60.173567056655884,10,10,1,TPC-B (sort of),simple,60 s,32157,data_directory = '/var/lib/postgresql/9.5/main'
i-01d78034988bed100,1565293295-9,z1d.large,60.167274475097656,10,10,1,TPC-B (sort of),simple,60 s,32908,data_directory = '/var/lib/postgresql/9.5/main'
i-01d78034988bed100,1565293295-10,z1d.large,60.17938303947449,10,10,1,TPC-B (sort of),simple,60 s,30616,data_directory = '/var/lib/postgresql/9.5/main'
i-01d78034988bed100,1565293295-11,z1d.large,60.19844102859497,10,10,1,TPC-B (sort of),simple,60 s,31041,data_directory = '/var/lib/postgresql/9.5/main'
i-01d78034988bed100,1565293295-12,z1d.large,60.18441104888916,10,10,1,TPC-B (sort of),simple,60 s,30879,data_directory = '/var/lib/postgresql/9.5/main'
i-01d78034988bed100,1565293295-13,z1d.large,60.19733500480652,10,10,1,TPC-B (sort of),simple,60 s,30483,data_directory = '/var/lib/postgresql/9.5/main'
i-01d78034988bed100,1565293295-14,z1d.large,60.170297145843506,10,10,1,TPC-B (sort of),simple,60 s,30727,data_directory = '/var/lib/postgresql/9.5/main'
i-01d78034988bed100,1565293295-15,z1d.large,60.18605661392212,10,10,1,TPC-B (sort of),simple,60 s,29317,data_directory = '/var/lib/postgresql/9.5/main'
i-01d78034988bed100,1565293295-16,z1d.large,60.17344808578491,10,10,1,TPC-B (sort of),simple,60 s,29164,data_directory = '/var/lib/postgresql/9.5/main'
i-01d78034988bed100,1565293295-17,z1d.large,60.17769169807434,10,10,1,TPC-B (sort of),simple,60 s,30596,data_directory = '/var/lib/postgresql/9.5/main'
i-01d78034988bed100,1565293295-18,z1d.large,60.193549156188965,10,10,1,TPC-B (sort of),simple,60 s,28791,data_directory = '/var/lib/postgresql/9.5/main'
i-01d78034988bed100,1565293295-19,z1d.large,60.18015241622925,10,10,1,TPC-B (sort of),simple,60 s,28751,data_directory = '/var/lib/postgresql/9.5/main'
i-01d78034988bed100,1565293295-20,z1d.large,60.19254755973816,10,10,1,TPC-B (sort of),simple,60 s,27494,data_directory = '/var/lib/postgresql/9.5/main'
i-01d78034988bed100,1565293295-21,z1d.large,60.178510665893555,10,10,1,TPC-B (sort of),simple,60 s,27452,data_directory = '/var/lib/postgresql/9.5/main'
i-01d78034988bed100,1565293295-22,z1d.large,60.18244218826294,10,10,1,TPC-B (sort of),simple,60 s,27385,data_directory = '/var/lib/postgresql/9.5/main'
i-01d78034988bed100,1565293295-23,z1d.large,60.18690228462219,10,10,1,TPC-B (sort of),simple,60 s,26724,data_directory = '/var/lib/postgresql/9.5/main'
i-04a04d3520276eaba,1565293295-9,z1d.large,60.19326043128967,10,10,1,TPC-B (sort of),simple,60 s,41815,data_directory = '/var/lib/postgresql/9.5/main'
i-04a04d3520276eaba,1565293295-10,z1d.large,60.201680421829224,10,10,1,TPC-B (sort of),simple,60 s,37331,data_directory = '/var/lib/postgresql/9.5/main'
i-04a04d3520276eaba,1565293295-11,z1d.large,60.18129849433899,10,10,1,TPC-B (sort of),simple,60 s,37374,data_directory = '/var/lib/postgresql/9.5/main'
i-04a04d3520276eaba,1565293295-12,z1d.large,60.19267249107361,10,10,1,TPC-B (sort of),simple,60 s,37843,data_directory = '/var/lib/postgresql/9.5/main'
i-04a04d3520276eaba,1565293295-13,z1d.large,60.19947695732117,10,10,1,TPC-B (sort of),simple,60 s,36178,data_directory = '/var/lib/postgresql/9.5/main'
i-04a04d3520276eaba,1565293295-14,z1d.large,60.20505881309509,10,10,1,TPC-B (sort of),simple,60 s,38052,data_directory = '/var/lib/postgresql/9.5/main'
i-04a04d3520276eaba,1565293295-15,z1d.large,60.20144271850586,10,10,1,TPC-B (sort of),simple,60 s,34210,data_directory = '/var/lib/postgresql/9.5/main'
i-04a04d3520276eaba,1565293295-16,z1d.large,60.21018028259277,10,10,1,TPC-B (sort of),simple,60 s,33860,data_directory = '/var/lib/postgresql/9.5/main'
i-04a04d3520276eaba,1565293295-17,z1d.large,60.1800434589386,10,10,1,TPC-B (sort of),simple,60 s,34661,data_directory = '/var/lib/postgresql/9.5/main'
i-04a04d3520276eaba,1565293295-18,z1d.large,60.1960244178772,10,10,1,TPC-B (sort of),simple,60 s,32643,data_directory = '/var/lib/postgresql/9.5/main'
i-04a04d3520276eaba,1565293295-19,z1d.large,60.2127788066864,10,10,1,TPC-B (sort of),simple,60 s,31972,data_directory = '/var/lib/postgresql/9.5/main'
i-04a04d3520276eaba,1565293295-20,z1d.large,60.18975806236267,10,10,1,TPC-B (sort of),simple,60 s,31019,data_directory = '/var/lib/postgresql/9.5/main'
i-04a04d3520276eaba,1565293295-21,z1d.large,60.20541167259216,10,10,1,TPC-B (sort of),simple,60 s,30388,data_directory = '/var/lib/postgresql/9.5/main'
i-04a04d3520276eaba,1565293295-22,z1d.large,60.19554162025452,10,10,1,TPC-B (sort of),simple,60 s,30401,data_directory = '/var/lib/postgresql/9.5/main'
i-04a04d3520276eaba,1565293295-23,z1d.large,60.20192813873291,10,10,1,TPC-B (sort of),simple,60 s,29953,data_directory = '/var/lib/postgresql/9.5/main'
i-02c76d0f6d7876e81,1565293295-11,z1d.large,60.1802191734314,10,10,1,TPC-B (sort of),simple,60 s,31801,data_directory = '/var/lib/postgresql/9.5/main'
i-02c76d0f6d7876e81,1565293295-12,z1d.large,60.1890230178833,10,10,1,TPC-B (sort of),simple,60 s,30919,data_directory = '/var/lib/postgresql/9.5/main'
i-02c76d0f6d7876e81,1565293295-13,z1d.large,60.19798469543457,10,10,1,TPC-B (sort of),simple,60 s,29851,data_directory = '/var/lib/postgresql/9.5/main'
i-02c76d0f6d7876e81,1565293295-14,z1d.large,60.19972348213196,10,10,1,TPC-B (sort of),simple,60 s,30501,data_directory = '/var/lib/postgresql/9.5/main'
i-02c76d0f6d7876e81,1565293295-15,z1d.large,60.18526482582092,10,10,1,TPC-B (sort of),simple,60 s,29020,data_directory = '/var/lib/postgresql/9.5/main'
i-02c76d0f6d7876e81,1565293295-16,z1d.large,60.19155931472778,10,10,1,TPC-B (sort of),simple,60 s,28351,data_directory = '/var/lib/postgresql/9.5/main'
i-02c76d0f6d7876e81,1565293295-17,z1d.large,60.186556577682495,10,10,1,TPC-B (sort of),simple,60 s,28693,data_directory = '/var/lib/postgresql/9.5/main'
i-02c76d0f6d7876e81,1565293295-18,z1d.large,60.19666004180908,10,10,1,TPC-B (sort of),simple,60 s,28181,data_directory = '/var/lib/postgresql/9.5/main'
i-02c76d0f6d7876e81,1565293295-19,z1d.large,60.20299553871155,10,10,1,TPC-B (sort of),simple,60 s,28651,data_directory = '/var/lib/postgresql/9.5/main'
i-02c76d0f6d7876e81,1565293295-20,z1d.large,60.19510006904602,10,10,1,TPC-B (sort of),simple,60 s,27560,data_directory = '/var/lib/postgresql/9.5/main'
i-02c76d0f6d7876e81,1565293295-21,z1d.large,60.20660352706909,10,10,1,TPC-B (sort of),simple,60 s,27387,data_directory = '/var/lib/postgresql/9.5/main'
i-02c76d0f6d7876e81,1565293295-22,z1d.large,60.21066856384277,10,10,1,TPC-B (sort of),simple,60 s,27671,data_directory = '/var/lib/postgresql/9.5/main'
i-02c76d0f6d7876e81,1565293295-23,z1d.large,60.19186043739319,10,10,1,TPC-B (sort of),simple,60 s,26817,data_directory = '/var/lib/postgresql/9.5/main'
i-0abc987f48107374f,1565293295-8,z1d.large,60.183006286621094,10,10,1,TPC-B (sort of),simple,60 s,42153,data_directory = '/var/lib/postgresql/9.5/main'
i-0abc987f48107374f,1565293295-9,z1d.large,60.1849308013916,10,10,1,TPC-B (sort of),simple,60 s,42898,data_directory = '/var/lib/postgresql/9.5/main'
i-0abc987f48107374f,1565293295-10,z1d.large,60.190025806427,10,10,1,TPC-B (sort of),simple,60 s,37813,data_directory = '/var/lib/postgresql/9.5/main'
i-0abc987f48107374f,1565293295-11,z1d.large,60.18834400177002,10,10,1,TPC-B (sort of),simple,60 s,37425,data_directory = '/var/lib/postgresql/9.5/main'
i-0abc987f48107374f,1565293295-12,z1d.large,60.164108753204346,10,10,1,TPC-B (sort of),simple,60 s,38782,data_directory = '/var/lib/postgresql/9.5/main'
i-0abc987f48107374f,1565293295-13,z1d.large,60.173301458358765,10,10,1,TPC-B (sort of),simple,60 s,36210,data_directory = '/var/lib/postgresql/9.5/main'
i-0abc987f48107374f,1565293295-14,z1d.large,60.174492597579956,10,10,1,TPC-B (sort of),simple,60 s,38056,data_directory = '/var/lib/postgresql/9.5/main'
i-0abc987f48107374f,1565293295-15,z1d.large,60.1789436340332,10,10,1,TPC-B (sort of),simple,60 s,34337,data_directory = '/var/lib/postgresql/9.5/main'
i-0abc987f48107374f,1565293295-16,z1d.large,60.1727180480957,10,10,1,TPC-B (sort of),simple,60 s,34311,data_directory = '/var/lib/postgresql/9.5/main'
i-0abc987f48107374f,1565293295-17,z1d.large,60.17710256576538,10,10,1,TPC-B (sort of),simple,60 s,34624,data_directory = '/var/lib/postgresql/9.5/main'
i-0abc987f48107374f,1565293295-18,z1d.large,60.19138741493225,10,10,1,TPC-B (sort of),simple,60 s,32871,data_directory = '/var/lib/postgresql/9.5/main'
i-0abc987f48107374f,1565293295-19,z1d.large,60.179046630859375,10,10,1,TPC-B (sort of),simple,60 s,32459,data_directory = '/var/lib/postgresql/9.5/main'
i-0abc987f48107374f,1565293295-20,z1d.large,60.18698167800903,10,10,1,TPC-B (sort of),simple,60 s,30595,data_directory = '/var/lib/postgresql/9.5/main'
i-0abc987f48107374f,1565293295-21,z1d.large,60.189876317977905,10,10,1,TPC-B (sort of),simple,60 s,30864,data_directory = '/var/lib/postgresql/9.5/main'
i-0abc987f48107374f,1565293295-22,z1d.large,60.17983794212341,10,10,1,TPC-B (sort of),simple,60 s,30013,data_directory = '/var/lib/postgresql/9.5/main'
i-0abc987f48107374f,1565293295-23,z1d.large,60.19993805885315,10,10,1,TPC-B (sort of),simple,60 s,30324,data_directory = '/var/lib/postgresql/9.5/main'
i-0d3ae3a4702d1f634,1565293295-18,z1d.large,60.191704988479614,10,10,1,TPC-B (sort of),simple,60 s,28988,data_directory = '/var/lib/postgresql/9.5/main'
i-0d3ae3a4702d1f634,1565293295-19,z1d.large,60.1935133934021,10,10,1,TPC-B (sort of),simple,60 s,28786,data_directory = '/var/lib/postgresql/9.5/main'
i-0d3ae3a4702d1f634,1565293295-20,z1d.large,60.175471782684326,10,10,1,TPC-B (sort of),simple,60 s,27180,data_directory = '/var/lib/postgresql/9.5/main'
i-0d3ae3a4702d1f634,1565293295-21,z1d.large,60.19361448287964,10,10,1,TPC-B (sort of),simple,60 s,27338,data_directory = '/var/lib/postgresql/9.5/main'
i-0d3ae3a4702d1f634,1565293295-22,z1d.large,60.17267155647278,10,10,1,TPC-B (sort of),simple,60 s,27526,data_directory = '/var/lib/postgresql/9.5/main'
i-0d3ae3a4702d1f634,1565293295-23,z1d.large,60.194257736206055,10,10,1,TPC-B (sort of),simple,60 s,26747,data_directory = '/var/lib/postgresql/9.5/main'
i-0b2e2189a0cf94ee5,1565293295-21,z1d.large,60.189417600631714,10,10,1,TPC-B (sort of),simple,60 s,27162,data_directory = '/var/lib/postgresql/9.5/main'
i-0b2e2189a0cf94ee5,1565293295-22,z1d.large,60.18194270133972,10,10,1,TPC-B (sort of),simple,60 s,28145,data_directory = '/var/lib/postgresql/9.5/main'
i-0b2e2189a0cf94ee5,1565293295-23,z1d.large,60.196439027786255,10,10,1,TPC-B (sort of),simple,60 s,26727,data_directory = '/var/lib/postgresql/9.5/main'
i-03b671e69a68826ec,1565293295-6,z1d.large,60.189664363861084,10,10,1,TPC-B (sort of),simple,60 s,34455,data_directory = '/var/lib/postgresql/9.5/main'
i-03b671e69a68826ec,1565293295-7,z1d.large,60.16838884353638,10,10,1,TPC-B (sort of),simple,60 s,33361,data_directory = '/var/lib/postgresql/9.5/main'
i-03b671e69a68826ec,1565293295-8,z1d.large,60.19256281852722,10,10,1,TPC-B (sort of),simple,60 s,32393,data_directory = '/var/lib/postgresql/9.5/main'
i-03b671e69a68826ec,1565293295-9,z1d.large,60.15748476982117,10,10,1,TPC-B (sort of),simple,60 s,33593,data_directory = '/var/lib/postgresql/9.5/main'
i-03b671e69a68826ec,1565293295-10,z1d.large,60.167877197265625,10,10,1,TPC-B (sort of),simple,60 s,31520,data_directory = '/var/lib/postgresql/9.5/main'
i-03b671e69a68826ec,1565293295-11,z1d.large,60.18959975242615,10,10,1,TPC-B (sort of),simple,60 s,31034,data_directory = '/var/lib/postgresql/9.5/main'
i-03b671e69a68826ec,1565293295-12,z1d.large,60.16939067840576,10,10,1,TPC-B (sort of),simple,60 s,31068,data_directory = '/var/lib/postgresql/9.5/main'
i-03b671e69a68826ec,1565293295-13,z1d.large,60.19184947013855,10,10,1,TPC-B (sort of),simple,60 s,29623,data_directory = '/var/lib/postgresql/9.5/main'
i-03b671e69a68826ec,1565293295-14,z1d.large,60.18062710762024,10,10,1,TPC-B (sort of),simple,60 s,30895,data_directory = '/var/lib/postgresql/9.5/main'
i-03b671e69a68826ec,1565293295-15,z1d.large,60.16500544548035,10,10,1,TPC-B (sort of),simple,60 s,28856,data_directory = '/var/lib/postgresql/9.5/main'
i-03b671e69a68826ec,1565293295-16,z1d.large,60.18594527244568,10,10,1,TPC-B (sort of),simple,60 s,28549,data_directory = '/var/lib/postgresql/9.5/main'
i-03b671e69a68826ec,1565293295-17,z1d.large,60.17133903503418,10,10,1,TPC-B (sort of),simple,60 s,28843,data_directory = '/var/lib/postgresql/9.5/main'
i-03b671e69a68826ec,1565293295-18,z1d.large,60.182745695114136,10,10,1,TPC-B (sort of),simple,60 s,28138,data_directory = '/var/lib/postgresql/9.5/main'
i-03b671e69a68826ec,1565293295-19,z1d.large,60.18514442443848,10,10,1,TPC-B (sort of),simple,60 s,28657,data_directory = '/var/lib/postgresql/9.5/main'
i-03b671e69a68826ec,1565293295-20,z1d.large,60.18852734565735,10,10,1,TPC-B (sort of),simple,60 s,27316,data_directory = '/var/lib/postgresql/9.5/main'
i-03b671e69a68826ec,1565293295-21,z1d.large,60.2045214176178,10,10,1,TPC-B (sort of),simple,60 s,27413,data_directory = '/var/lib/postgresql/9.5/main'
i-03b671e69a68826ec,1565293295-22,z1d.large,60.17466950416565,10,10,1,TPC-B (sort of),simple,60 s,28303,data_directory = '/var/lib/postgresql/9.5/main'
i-03b671e69a68826ec,1565293295-23,z1d.large,60.19611597061157,10,10,1,TPC-B (sort of),simple,60 s,26751,data_directory = '/var/lib/postgresql/9.5/main'
i-0be31d32319fd16ec,1565293295-20,z1d.large,60.18037724494934,10,10,1,TPC-B (sort of),simple,60 s,27434,data_directory = '/var/lib/postgresql/9.5/main'
i-0be31d32319fd16ec,1565293295-21,z1d.large,60.19505429267883,10,10,1,TPC-B (sort of),simple,60 s,27473,data_directory = '/var/lib/postgresql/9.5/main'
i-0be31d32319fd16ec,1565293295-22,z1d.large,60.17691779136658,10,10,1,TPC-B (sort of),simple,60 s,27628,data_directory = '/var/lib/postgresql/9.5/main'
i-0be31d32319fd16ec,1565293295-23,z1d.large,60.184250354766846,10,10,1,TPC-B (sort of),simple,60 s,26902,data_directory = '/var/lib/postgresql/9.5/main'
i-087d5fd645f66ab71,1565293295-10,z1d.large,60.19011902809143,10,10,1,TPC-B (sort of),simple,60 s,30838,data_directory = '/var/lib/postgresql/9.5/main'
i-087d5fd645f66ab71,1565293295-11,z1d.large,60.193164110183716,10,10,1,TPC-B (sort of),simple,60 s,30929,data_directory = '/var/lib/postgresql/9.5/main'
i-087d5fd645f66ab71,1565293295-12,z1d.large,60.1799201965332,10,10,1,TPC-B (sort of),simple,60 s,30654,data_directory = '/var/lib/postgresql/9.5/main'
i-087d5fd645f66ab71,1565293295-13,z1d.large,60.19406986236572,10,10,1,TPC-B (sort of),simple,60 s,30508,data_directory = '/var/lib/postgresql/9.5/main'
i-087d5fd645f66ab71,1565293295-14,z1d.large,60.202898025512695,10,10,1,TPC-B (sort of),simple,60 s,31040,data_directory = '/var/lib/postgresql/9.5/main'
i-087d5fd645f66ab71,1565293295-15,z1d.large,60.19229292869568,10,10,1,TPC-B (sort of),simple,60 s,29400,data_directory = '/var/lib/postgresql/9.5/main'
i-087d5fd645f66ab71,1565293295-16,z1d.large,60.19916868209839,10,10,1,TPC-B (sort of),simple,60 s,29288,data_directory = '/var/lib/postgresql/9.5/main'
i-087d5fd645f66ab71,1565293295-17,z1d.large,60.1889123916626,10,10,1,TPC-B (sort of),simple,60 s,30600,data_directory = '/var/lib/postgresql/9.5/main'
i-087d5fd645f66ab71,1565293295-18,z1d.large,60.202940940856934,10,10,1,TPC-B (sort of),simple,60 s,28521,data_directory = '/var/lib/postgresql/9.5/main'
i-087d5fd645f66ab71,1565293295-19,z1d.large,60.18403434753418,10,10,1,TPC-B (sort of),simple,60 s,28759,data_directory = '/var/lib/postgresql/9.5/main'
i-087d5fd645f66ab71,1565293295-20,z1d.large,60.216951847076416,10,10,1,TPC-B (sort of),simple,60 s,27226,data_directory = '/var/lib/postgresql/9.5/main'
i-087d5fd645f66ab71,1565293295-21,z1d.large,60.203022480010986,10,10,1,TPC-B (sort of),simple,60 s,27409,data_directory = '/var/lib/postgresql/9.5/main'
i-087d5fd645f66ab71,1565293295-22,z1d.large,60.2025203704834,10,10,1,TPC-B (sort of),simple,60 s,27175,data_directory = '/var/lib/postgresql/9.5/main'
i-087d5fd645f66ab71,1565293295-23,z1d.large,60.205039978027344,10,10,1,TPC-B (sort of),simple,60 s,26831,data_directory = '/var/lib/postgresql/9.5/main'
i-0e0b4b2d087b1d3e5,1565293295-22,z1d.large,60.194576263427734,10,10,1,TPC-B (sort of),simple,60 s,27407,data_directory = '/var/lib/postgresql/9.5/main'
i-0e0b4b2d087b1d3e5,1565293295-23,z1d.large,60.22190809249878,10,10,1,TPC-B (sort of),simple,60 s,26790,data_directory = '/var/lib/postgresql/9.5/main'
i-00660e85fd9a48ee5,1565293295-5,z1d.large,60.18136262893677,10,10,1,TPC-B (sort of),simple,60 s,36255,data_directory = '/var/lib/postgresql/9.5/main'
i-00660e85fd9a48ee5,1565293295-6,z1d.large,60.184645652770996,10,10,1,TPC-B (sort of),simple,60 s,33703,data_directory = '/var/lib/postgresql/9.5/main'
i-00660e85fd9a48ee5,1565293295-7,z1d.large,60.17849922180176,10,10,1,TPC-B (sort of),simple,60 s,33190,data_directory = '/var/lib/postgresql/9.5/main'
i-00660e85fd9a48ee5,1565293295-8,z1d.large,60.193448066711426,10,10,1,TPC-B (sort of),simple,60 s,32641,data_directory = '/var/lib/postgresql/9.5/main'
i-00660e85fd9a48ee5,1565293295-9,z1d.large,60.201111793518066,10,10,1,TPC-B (sort of),simple,60 s,33118,data_directory = '/var/lib/postgresql/9.5/main'
i-00660e85fd9a48ee5,1565293295-10,z1d.large,60.18634223937988,10,10,1,TPC-B (sort of),simple,60 s,31528,data_directory = '/var/lib/postgresql/9.5/main'
i-00660e85fd9a48ee5,1565293295-11,z1d.large,60.19434857368469,10,10,1,TPC-B (sort of),simple,60 s,30993,data_directory = '/var/lib/postgresql/9.5/main'
i-00660e85fd9a48ee5,1565293295-12,z1d.large,60.213539600372314,10,10,1,TPC-B (sort of),simple,60 s,31119,data_directory = '/var/lib/postgresql/9.5/main'
i-00660e85fd9a48ee5,1565293295-13,z1d.large,60.19771075248718,10,10,1,TPC-B (sort of),simple,60 s,29597,data_directory = '/var/lib/postgresql/9.5/main'
i-00660e85fd9a48ee5,1565293295-14,z1d.large,60.201820373535156,10,10,1,TPC-B (sort of),simple,60 s,30506,data_directory = '/var/lib/postgresql/9.5/main'
i-00660e85fd9a48ee5,1565293295-15,z1d.large,60.1761577129364,10,10,1,TPC-B (sort of),simple,60 s,29256,data_directory = '/var/lib/postgresql/9.5/main'
i-00660e85fd9a48ee5,1565293295-16,z1d.large,60.19543743133545,10,10,1,TPC-B (sort of),simple,60 s,28908,data_directory = '/var/lib/postgresql/9.5/main'
i-00660e85fd9a48ee5,1565293295-17,z1d.large,60.175774335861206,10,10,1,TPC-B (sort of),simple,60 s,28999,data_directory = '/var/lib/postgresql/9.5/main'
i-00660e85fd9a48ee5,1565293295-18,z1d.large,60.36324882507324,10,10,1,TPC-B (sort of),simple,60 s,27954,data_directory = '/var/lib/postgresql/9.5/main'
i-00660e85fd9a48ee5,1565293295-19,z1d.large,60.18150520324707,10,10,1,TPC-B (sort of),simple,60 s,29068,data_directory = '/var/lib/postgresql/9.5/main'
i-00660e85fd9a48ee5,1565293295-20,z1d.large,60.19186878204346,10,10,1,TPC-B (sort of),simple,60 s,27491,data_directory = '/var/lib/postgresql/9.5/main'
i-00660e85fd9a48ee5,1565293295-21,z1d.large,60.202422857284546,10,10,1,TPC-B (sort of),simple,60 s,27305,data_directory = '/var/lib/postgresql/9.5/main'
i-00660e85fd9a48ee5,1565293295-22,z1d.large,60.188177824020386,10,10,1,TPC-B (sort of),simple,60 s,27994,data_directory = '/var/lib/postgresql/9.5/main'
i-00660e85fd9a48ee5,1565293295-23,z1d.large,60.184855461120605,10,10,1,TPC-B (sort of),simple,60 s,26825,data_directory = '/var/lib/postgresql/9.5/main'
i-06b20df7780c93d77,1565293295-13,z1d.large,60.18878221511841,10,10,1,TPC-B (sort of),simple,60 s,36658,data_directory = '/var/lib/postgresql/9.5/main'
i-06b20df7780c93d77,1565293295-14,z1d.large,60.1794114112854,10,10,1,TPC-B (sort of),simple,60 s,37700,data_directory = '/var/lib/postgresql/9.5/main'
i-06b20df7780c93d77,1565293295-15,z1d.large,60.17425799369812,10,10,1,TPC-B (sort of),simple,60 s,36800,data_directory = '/var/lib/postgresql/9.5/main'
i-06b20df7780c93d77,1565293295-16,z1d.large,60.190794467926025,10,10,1,TPC-B (sort of),simple,60 s,33846,data_directory = '/var/lib/postgresql/9.5/main'
i-06b20df7780c93d77,1565293295-17,z1d.large,60.18974995613098,10,10,1,TPC-B (sort of),simple,60 s,33361,data_directory = '/var/lib/postgresql/9.5/main'
i-06b20df7780c93d77,1565293295-18,z1d.large,60.187461376190186,10,10,1,TPC-B (sort of),simple,60 s,32662,data_directory = '/var/lib/postgresql/9.5/main'
i-06b20df7780c93d77,1565293295-19,z1d.large,60.19683647155762,10,10,1,TPC-B (sort of),simple,60 s,33865,data_directory = '/var/lib/postgresql/9.5/main'
i-06b20df7780c93d77,1565293295-20,z1d.large,60.19654655456543,10,10,1,TPC-B (sort of),simple,60 s,32276,data_directory = '/var/lib/postgresql/9.5/main'
i-06b20df7780c93d77,1565293295-21,z1d.large,60.20535349845886,10,10,1,TPC-B (sort of),simple,60 s,31607,data_directory = '/var/lib/postgresql/9.5/main'
i-06b20df7780c93d77,1565293295-22,z1d.large,60.17901301383972,10,10,1,TPC-B (sort of),simple,60 s,33703,data_directory = '/var/lib/postgresql/9.5/main'
i-06b20df7780c93d77,1565293295-23,z1d.large,60.1921181678772,10,10,1,TPC-B (sort of),simple,60 s,30510,data_directory = '/var/lib/postgresql/9.5/main'
i-070ee06ba9cf7d893,1565293295-7,z1d.large,60.19199228286743,10,10,1,TPC-B (sort of),simple,60 s,33340,data_directory = '/var/lib/postgresql/9.5/main'
i-070ee06ba9cf7d893,1565293295-8,z1d.large,60.19191288948059,10,10,1,TPC-B (sort of),simple,60 s,32446,data_directory = '/var/lib/postgresql/9.5/main'
i-070ee06ba9cf7d893,1565293295-9,z1d.large,60.186044454574585,10,10,1,TPC-B (sort of),simple,60 s,33233,data_directory = '/var/lib/postgresql/9.5/main'
i-070ee06ba9cf7d893,1565293295-10,z1d.large,60.210185050964355,10,10,1,TPC-B (sort of),simple,60 s,32085,data_directory = '/var/lib/postgresql/9.5/main'
i-070ee06ba9cf7d893,1565293295-11,z1d.large,60.20271563529968,10,10,1,TPC-B (sort of),simple,60 s,30978,data_directory = '/var/lib/postgresql/9.5/main'
i-070ee06ba9cf7d893,1565293295-12,z1d.large,60.20023846626282,10,10,1,TPC-B (sort of),simple,60 s,30743,data_directory = '/var/lib/postgresql/9.5/main'
i-070ee06ba9cf7d893,1565293295-13,z1d.large,60.21555018424988,10,10,1,TPC-B (sort of),simple,60 s,29661,data_directory = '/var/lib/postgresql/9.5/main'
i-070ee06ba9cf7d893,1565293295-14,z1d.large,60.19173979759216,10,10,1,TPC-B (sort of),simple,60 s,30246,data_directory = '/var/lib/postgresql/9.5/main'
i-070ee06ba9cf7d893,1565293295-15,z1d.large,60.20251488685608,10,10,1,TPC-B (sort of),simple,60 s,29103,data_directory = '/var/lib/postgresql/9.5/main'
i-070ee06ba9cf7d893,1565293295-16,z1d.large,60.196436166763306,10,10,1,TPC-B (sort of),simple,60 s,28195,data_directory = '/var/lib/postgresql/9.5/main'
i-070ee06ba9cf7d893,1565293295-17,z1d.large,60.20153999328613,10,10,1,TPC-B (sort of),simple,60 s,28647,data_directory = '/var/lib/postgresql/9.5/main'
i-070ee06ba9cf7d893,1565293295-18,z1d.large,60.2059760093689,10,10,1,TPC-B (sort of),simple,60 s,28046,data_directory = '/var/lib/postgresql/9.5/main'
i-070ee06ba9cf7d893,1565293295-19,z1d.large,60.2046275138855,10,10,1,TPC-B (sort of),simple,60 s,28618,data_directory = '/var/lib/postgresql/9.5/main'
i-070ee06ba9cf7d893,1565293295-20,z1d.large,60.2084846496582,10,10,1,TPC-B (sort of),simple,60 s,27672,data_directory = '/var/lib/postgresql/9.5/main'
i-070ee06ba9cf7d893,1565293295-21,z1d.large,60.20777678489685,10,10,1,TPC-B (sort of),simple,60 s,27183,data_directory = '/var/lib/postgresql/9.5/main'
i-070ee06ba9cf7d893,1565293295-22,z1d.large,60.193501710891724,10,10,1,TPC-B (sort of),simple,60 s,28001,data_directory = '/var/lib/postgresql/9.5/main'
i-070ee06ba9cf7d893,1565293295-23,z1d.large,60.198548316955566,10,10,1,TPC-B (sort of),simple,60 s,26720,data_directory = '/var/lib/postgresql/9.5/main'
i-0df2193c0087a903f,1565293295-4,z1d.large,60.177717208862305,10,10,1,TPC-B (sort of),simple,60 s,38764,data_directory = '/var/lib/postgresql/9.5/main'
i-0df2193c0087a903f,1565293295-5,z1d.large,60.19383525848389,10,10,1,TPC-B (sort of),simple,60 s,35542,data_directory = '/var/lib/postgresql/9.5/main'
i-0df2193c0087a903f,1565293295-6,z1d.large,60.19123411178589,10,10,1,TPC-B (sort of),simple,60 s,34055,data_directory = '/var/lib/postgresql/9.5/main'
i-0df2193c0087a903f,1565293295-7,z1d.large,60.175854444503784,10,10,1,TPC-B (sort of),simple,60 s,32934,data_directory = '/var/lib/postgresql/9.5/main'
i-0df2193c0087a903f,1565293295-8,z1d.large,60.179014921188354,10,10,1,TPC-B (sort of),simple,60 s,32635,data_directory = '/var/lib/postgresql/9.5/main'
i-0df2193c0087a903f,1565293295-9,z1d.large,60.201762676239014,10,10,1,TPC-B (sort of),simple,60 s,33544,data_directory = '/var/lib/postgresql/9.5/main'
i-0df2193c0087a903f,1565293295-10,z1d.large,60.21292972564697,10,10,1,TPC-B (sort of),simple,60 s,31653,data_directory = '/var/lib/postgresql/9.5/main'
i-0df2193c0087a903f,1565293295-11,z1d.large,60.171756982803345,10,10,1,TPC-B (sort of),simple,60 s,31452,data_directory = '/var/lib/postgresql/9.5/main'
i-0df2193c0087a903f,1565293295-12,z1d.large,60.18619108200073,10,10,1,TPC-B (sort of),simple,60 s,30771,data_directory = '/var/lib/postgresql/9.5/main'
i-0df2193c0087a903f,1565293295-13,z1d.large,60.172810316085815,10,10,1,TPC-B (sort of),simple,60 s,29901,data_directory = '/var/lib/postgresql/9.5/main'
i-0df2193c0087a903f,1565293295-14,z1d.large,60.19340372085571,10,10,1,TPC-B (sort of),simple,60 s,30441,data_directory = '/var/lib/postgresql/9.5/main'
i-0df2193c0087a903f,1565293295-15,z1d.large,60.19469118118286,10,10,1,TPC-B (sort of),simple,60 s,29333,data_directory = '/var/lib/postgresql/9.5/main'
i-0df2193c0087a903f,1565293295-16,z1d.large,60.20269751548767,10,10,1,TPC-B (sort of),simple,60 s,28317,data_directory = '/var/lib/postgresql/9.5/main'
i-0df2193c0087a903f,1565293295-17,z1d.large,60.18834161758423,10,10,1,TPC-B (sort of),simple,60 s,28583,data_directory = '/var/lib/postgresql/9.5/main'
i-0df2193c0087a903f,1565293295-18,z1d.large,60.178823471069336,10,10,1,TPC-B (sort of),simple,60 s,28182,data_directory = '/var/lib/postgresql/9.5/main'
i-0df2193c0087a903f,1565293295-19,z1d.large,60.19435906410217,10,10,1,TPC-B (sort of),simple,60 s,28924,data_directory = '/var/lib/postgresql/9.5/main'
i-0df2193c0087a903f,1565293295-20,z1d.large,60.177685499191284,10,10,1,TPC-B (sort of),simple,60 s,27611,data_directory = '/var/lib/postgresql/9.5/main'
i-0df2193c0087a903f,1565293295-21,z1d.large,60.19541525840759,10,10,1,TPC-B (sort of),simple,60 s,27373,data_directory = '/var/lib/postgresql/9.5/main'
i-0df2193c0087a903f,1565293295-22,z1d.large,60.18084907531738,10,10,1,TPC-B (sort of),simple,60 s,28028,data_directory = '/var/lib/postgresql/9.5/main'
i-0df2193c0087a903f,1565293295-23,z1d.large,60.195205211639404,10,10,1,TPC-B (sort of),simple,60 s,26778,data_directory = '/var/lib/postgresql/9.5/main'
i-0e90fbf53c532db88,1565293295-16,z1d.large,60.20336389541626,10,10,1,TPC-B (sort of),simple,60 s,28685,data_directory = '/var/lib/postgresql/9.5/main'
i-0e90fbf53c532db88,1565293295-17,z1d.large,60.18645095825195,10,10,1,TPC-B (sort of),simple,60 s,28756,data_directory = '/var/lib/postgresql/9.5/main'
i-0e90fbf53c532db88,1565293295-18,z1d.large,60.190290212631226,10,10,1,TPC-B (sort of),simple,60 s,28152,data_directory = '/var/lib/postgresql/9.5/main'
i-0e90fbf53c532db88,1565293295-19,z1d.large,60.21654534339905,10,10,1,TPC-B (sort of),simple,60 s,28413,data_directory = '/var/lib/postgresql/9.5/main'
i-0e90fbf53c532db88,1565293295-20,z1d.large,60.20142650604248,10,10,1,TPC-B (sort of),simple,60 s,27445,data_directory = '/var/lib/postgresql/9.5/main'
i-0e90fbf53c532db88,1565293295-21,z1d.large,60.1990647315979,10,10,1,TPC-B (sort of),simple,60 s,27414,data_directory = '/var/lib/postgresql/9.5/main'
i-0e90fbf53c532db88,1565293295-22,z1d.large,60.202906370162964,10,10,1,TPC-B (sort of),simple,60 s,27938,data_directory = '/var/lib/postgresql/9.5/main'
i-0e90fbf53c532db88,1565293295-23,z1d.large,60.20419096946716,10,10,1,TPC-B (sort of),simple,60 s,26851,data_directory = '/var/lib/postgresql/9.5/main'
i-029965dbbaf23869c,1565293295-17,z1d.large,60.19656014442444,10,10,1,TPC-B (sort of),simple,60 s,29102,data_directory = '/var/lib/postgresql/9.5/main'
i-029965dbbaf23869c,1565293295-18,z1d.large,60.20721483230591,10,10,1,TPC-B (sort of),simple,60 s,27874,data_directory = '/var/lib/postgresql/9.5/main'
i-029965dbbaf23869c,1565293295-19,z1d.large,60.204200983047485,10,10,1,TPC-B (sort of),simple,60 s,28937,data_directory = '/var/lib/postgresql/9.5/main'
i-029965dbbaf23869c,1565293295-20,z1d.large,60.2060022354126,10,10,1,TPC-B (sort of),simple,60 s,27450,data_directory = '/var/lib/postgresql/9.5/main'
i-029965dbbaf23869c,1565293295-21,z1d.large,60.188687562942505,10,10,1,TPC-B (sort of),simple,60 s,27382,data_directory = '/var/lib/postgresql/9.5/main'
i-029965dbbaf23869c,1565293295-22,z1d.large,60.19741868972778,10,10,1,TPC-B (sort of),simple,60 s,27834,data_directory = '/var/lib/postgresql/9.5/main'
i-029965dbbaf23869c,1565293295-23,z1d.large,60.18755531311035,10,10,1,TPC-B (sort of),simple,60 s,26778,data_directory = '/var/lib/postgresql/9.5/main'
i-00307173e8e39ec3c,1565293295-19,z1d.large,60.16099190711975,10,10,1,TPC-B (sort of),simple,60 s,28956,data_directory = '/var/lib/postgresql/9.5/main'
i-00307173e8e39ec3c,1565293295-20,z1d.large,60.17113494873047,10,10,1,TPC-B (sort of),simple,60 s,27420,data_directory = '/var/lib/postgresql/9.5/main'
i-00307173e8e39ec3c,1565293295-21,z1d.large,60.19860768318176,10,10,1,TPC-B (sort of),simple,60 s,27354,data_directory = '/var/lib/postgresql/9.5/main'
i-00307173e8e39ec3c,1565293295-22,z1d.large,60.17522215843201,10,10,1,TPC-B (sort of),simple,60 s,27753,data_directory = '/var/lib/postgresql/9.5/main'
i-00307173e8e39ec3c,1565293295-23,z1d.large,60.18960475921631,10,10,1,TPC-B (sort of),simple,60 s,26862,data_directory = '/var/lib/postgresql/9.5/main'
i-0221850223e3484a2,1565293295-14,z1d.large,60.1839644908905,10,10,1,TPC-B (sort of),simple,60 s,36236,data_directory = '/var/lib/postgresql/9.5/main'
i-0221850223e3484a2,1565293295-15,z1d.large,60.18587398529053,10,10,1,TPC-B (sort of),simple,60 s,34573,data_directory = '/var/lib/postgresql/9.5/main'
i-0221850223e3484a2,1565293295-16,z1d.large,60.206270933151245,10,10,1,TPC-B (sort of),simple,60 s,33057,data_directory = '/var/lib/postgresql/9.5/main'
i-0221850223e3484a2,1565293295-17,z1d.large,60.179128885269165,10,10,1,TPC-B (sort of),simple,60 s,32176,data_directory = '/var/lib/postgresql/9.5/main'
i-0221850223e3484a2,1565293295-18,z1d.large,60.177367210388184,10,10,1,TPC-B (sort of),simple,60 s,31591,data_directory = '/var/lib/postgresql/9.5/main'
i-0221850223e3484a2,1565293295-19,z1d.large,60.20161962509155,10,10,1,TPC-B (sort of),simple,60 s,32377,data_directory = '/var/lib/postgresql/9.5/main'
i-0221850223e3484a2,1565293295-20,z1d.large,60.177653551101685,10,10,1,TPC-B (sort of),simple,60 s,31305,data_directory = '/var/lib/postgresql/9.5/main'
i-0221850223e3484a2,1565293295-21,z1d.large,60.20629930496216,10,10,1,TPC-B (sort of),simple,60 s,30443,data_directory = '/var/lib/postgresql/9.5/main'
i-0221850223e3484a2,1565293295-22,z1d.large,60.18804574012756,10,10,1,TPC-B (sort of),simple,60 s,31416,data_directory = '/var/lib/postgresql/9.5/main'
i-0221850223e3484a2,1565293295-23,z1d.large,60.192490577697754,10,10,1,TPC-B (sort of),simple,60 s,29655,data_directory = '/var/lib/postgresql/9.5/main'
