instanceID,instanceType,experimentID,interval,bandwidthUpload,bandwitdhDownload,setId,vmId,cmd,,,,
i-0664c37250648f140,c3.large,1540010941,15.0 sec,548 Mbits/sec,547 Mbits/sec,5,5,iperf -c 54.197.219.156 --dualtest --window 416k --time 15 ,,,,
i-0664c37250648f140,c3.large,1540010941,15.0 sec,472 Mbits/sec,472 Mbits/sec,5,5,iperf -c 54.197.219.156 --dualtest --window 416k --time 15 ,,,,
i-0664c37250648f140,c3.large,1540010941,15.0 sec,474 Mbits/sec,471 Mbits/sec,5,5,iperf -c 54.197.219.156 --dualtest --window 416k --time 15 ,,,,
i-0664c37250648f140,c3.large,1540010941,15.0 sec,548 Mbits/sec,547 Mbits/sec,6,5,iperf -c 54.197.219.156 --dualtest --window 416k --time 15 ,,,,
i-0664c37250648f140,c3.large,1540010941,15.0 sec,473 Mbits/sec,472 Mbits/sec,6,5,iperf -c 54.197.219.156 --dualtest --window 416k --time 15 ,,,,
i-0664c37250648f140,c3.large,1540010941,15.0 sec,473 Mbits/sec,472 Mbits/sec,6,5,iperf -c 54.197.219.156 --dualtest --window 416k --time 15 ,,,,
i-0664c37250648f140,c3.large,1540010941,15.0 sec,548 Mbits/sec,547 Mbits/sec,7,5,iperf -c 54.197.219.156 --dualtest --window 416k --time 15 ,,,,
i-0664c37250648f140,c3.large,1540010941,15.0 sec,471 Mbits/sec,474 Mbits/sec,7,5,iperf -c 54.197.219.156 --dualtest --window 416k --time 15 ,,,,
i-0664c37250648f140,c3.large,1540010941,15.0 sec,473 Mbits/sec,472 Mbits/sec,7,5,iperf -c 54.197.219.156 --dualtest --window 416k --time 15 ,,,,
i-0664c37250648f140,c3.large,1540010941,15.0 sec,550 Mbits/sec,472 Mbits/sec,8,5,iperf -c 54.197.219.156 --dualtest --window 416k --time 15 ,,,,
i-0664c37250648f140,c3.large,1540010941,15.0 sec,473 Mbits/sec,517 Mbits/sec,8,5,iperf -c 54.197.219.156 --dualtest --window 416k --time 15 ,,,,
i-0664c37250648f140,c3.large,1540010941,15.0 sec,474 Mbits/sec,472 Mbits/sec,8,5,iperf -c 54.197.219.156 --dualtest --window 416k --time 15 ,,,,
i-0664c37250648f140,c3.large,1540010941,15.0 sec,550 Mbits/sec,414 Mbits/sec,9,5,iperf -c 54.197.219.156 --dualtest --window 416k --time 15 ,,,,
i-0664c37250648f140,c3.large,1540010941,15.0 sec,475 Mbits/sec,501 Mbits/sec,9,5,iperf -c 54.197.219.156 --dualtest --window 416k --time 15 ,,,,
i-0664c37250648f140,c3.large,1540010941,15.0 sec,473 Mbits/sec,508 Mbits/sec,9,5,iperf -c 54.197.219.156 --dualtest --window 416k --time 15 ,,,,
i-0664c37250648f140,c3.large,1540010941,15.0 sec,549 Mbits/sec,456 Mbits/sec,10,5,iperf -c 54.197.219.156 --dualtest --window 416k --time 15 ,,,,
i-0664c37250648f140,c3.large,1540010941,15.0 sec,474 Mbits/sec,447 Mbits/sec,10,5,iperf -c 54.197.219.156 --dualtest --window 416k --time 15 ,,,,
i-0664c37250648f140,c3.large,1540010941,15.0 sec,475 Mbits/sec,420 Mbits/sec,10,5,iperf -c 54.197.219.156 --dualtest --window 416k --time 15 ,,,,
i-0664c37250648f140,c3.large,1540010941,15.0 sec,551 Mbits/sec,366 Mbits/sec,11,5,iperf -c 54.197.219.156 --dualtest --window 416k --time 15 ,,,,
i-0664c37250648f140,c3.large,1540010941,15.0 sec,474 Mbits/sec,353 Mbits/sec,11,5,iperf -c 54.197.219.156 --dualtest --window 416k --time 15 ,,,,
i-0664c37250648f140,c3.large,1540010941,15.0 sec,477 Mbits/sec,357 Mbits/sec,11,5,iperf -c 54.197.219.156 --dualtest --window 416k --time 15 ,,,,
i-0664c37250648f140,c3.large,1540010941,15.0 sec,550 Mbits/sec,281 Mbits/sec,12,5,iperf -c 54.197.219.156 --dualtest --window 416k --time 15 ,,,,
i-0664c37250648f140,c3.large,1540010941,15.0 sec,476 Mbits/sec,235 Mbits/sec,12,5,iperf -c 54.197.219.156 --dualtest --window 416k --time 15 ,,,,
i-0664c37250648f140,c3.large,1540010941,15.0 sec,476 Mbits/sec,247 Mbits/sec,12,5,iperf -c 54.197.219.156 --dualtest --window 416k --time 15 ,,,,
i-0664c37250648f140,c3.large,1540010941,15.0 sec,516 Mbits/sec,288 Mbits/sec,13,5,iperf -c 54.197.219.156 --dualtest --window 416k --time 15 ,,,,
i-0664c37250648f140,c3.large,1540010941,15.0 sec,507 Mbits/sec,273 Mbits/sec,13,5,iperf -c 54.197.219.156 --dualtest --window 416k --time 15 ,,,,
i-0664c37250648f140,c3.large,1540010941,15.0 sec,459 Mbits/sec,284 Mbits/sec,13,5,iperf -c 54.197.219.156 --dualtest --window 416k --time 15 ,,,,
i-0664c37250648f140,c3.large,1540010941,15.0 sec,489 Mbits/sec,254 Mbits/sec,14,5,iperf -c 54.197.219.156 --dualtest --window 416k --time 15 ,,,,
i-0664c37250648f140,c3.large,1540010941,15.0 sec,483 Mbits/sec,261 Mbits/sec,14,5,iperf -c 54.197.219.156 --dualtest --window 416k --time 15 ,,,,
i-0664c37250648f140,c3.large,1540010941,15.0 sec,462 Mbits/sec,267 Mbits/sec,14,5,iperf -c 54.197.219.156 --dualtest --window 416k --time 15 ,,,,
i-0664c37250648f140,c3.large,1540010941,15.0 sec,453 Mbits/sec,231 Mbits/sec,15,5,iperf -c 54.197.219.156 --dualtest --window 416k --time 15 ,,,,
i-0664c37250648f140,c3.large,1540010941,15.0 sec,439 Mbits/sec,248 Mbits/sec,15,5,iperf -c 54.197.219.156 --dualtest --window 416k --time 15 ,,,,
i-0664c37250648f140,c3.large,1540010941,15.0 sec,449 Mbits/sec,250 Mbits/sec,15,5,iperf -c 54.197.219.156 --dualtest --window 416k --time 15 ,,,,
i-0664c37250648f140,c3.large,1540010941,15.0 sec,433 Mbits/sec,246 Mbits/sec,16,5,iperf -c 54.197.219.156 --dualtest --window 416k --time 15 ,,,,
i-0664c37250648f140,c3.large,1540010941,15.0 sec,426 Mbits/sec,228 Mbits/sec,16,5,iperf -c 54.197.219.156 --dualtest --window 416k --time 15 ,,,,
i-0664c37250648f140,c3.large,1540010941,15.0 sec,420 Mbits/sec,216 Mbits/sec,16,5,iperf -c 54.197.219.156 --dualtest --window 416k --time 15 ,,,,
i-0dc0300b0906ae645,c3.large,1540010941,15.0 sec,477 Mbits/sec,241 Mbits/sec,14,14,iperf -c 54.227.209.37 --dualtest --window 416k --time 15 ,,,,
i-0dc0300b0906ae645,c3.large,1540010941,15.0 sec,483 Mbits/sec,259 Mbits/sec,14,14,iperf -c 54.227.209.37 --dualtest --window 416k --time 15 ,,,,
i-0dc0300b0906ae645,c3.large,1540010941,15.0 sec,487 Mbits/sec,280 Mbits/sec,14,14,iperf -c 54.227.209.37 --dualtest --window 416k --time 15 ,,,,
i-0dc0300b0906ae645,c3.large,1540010941,15.0 sec,451 Mbits/sec,230 Mbits/sec,15,14,iperf -c 54.227.209.37 --dualtest --window 416k --time 15 ,,,,
i-0dc0300b0906ae645,c3.large,1540010941,15.0 sec,457 Mbits/sec,247 Mbits/sec,15,14,iperf -c 54.227.209.37 --dualtest --window 416k --time 15 ,,,,
i-0dc0300b0906ae645,c3.large,1540010941,15.0 sec,455 Mbits/sec,239 Mbits/sec,15,14,iperf -c 54.227.209.37 --dualtest --window 416k --time 15 ,,,,
i-0dc0300b0906ae645,c3.large,1540010941,15.0 sec,419 Mbits/sec,228 Mbits/sec,16,14,iperf -c 54.227.209.37 --dualtest --window 416k --time 15 ,,,,
i-0dc0300b0906ae645,c3.large,1540010941,15.0 sec,426 Mbits/sec,228 Mbits/sec,16,14,iperf -c 54.227.209.37 --dualtest --window 416k --time 15 ,,,,
i-0dc0300b0906ae645,c3.large,1540010941,15.0 sec,433 Mbits/sec,250 Mbits/sec,16,14,iperf -c 54.227.209.37 --dualtest --window 416k --time 15 ,,,,
i-03602067ac2e120cf,c3.large,1540010941,15.0 sec,549 Mbits/sec,489 Mbits/sec,10,10,iperf -c 54.208.17.177 --dualtest --window 416k --time 15 ,,,,
i-03602067ac2e120cf,c3.large,1540010941,15.0 sec,473 Mbits/sec,471 Mbits/sec,10,10,iperf -c 54.208.17.177 --dualtest --window 416k --time 15 ,,,,
i-03602067ac2e120cf,c3.large,1540010941,15.0 sec,472 Mbits/sec,504 Mbits/sec,10,10,iperf -c 54.208.17.177 --dualtest --window 416k --time 15 ,,,,
i-03602067ac2e120cf,c3.large,1540010941,15.0 sec,551 Mbits/sec,271 Mbits/sec,11,10,iperf -c 54.208.17.177 --dualtest --window 416k --time 15 ,,,,
i-03602067ac2e120cf,c3.large,1540010941,15.0 sec,473 Mbits/sec,348 Mbits/sec,11,10,iperf -c 54.208.17.177 --dualtest --window 416k --time 15 ,,,,
i-03602067ac2e120cf,c3.large,1540010941,15.0 sec,475 Mbits/sec,327 Mbits/sec,11,10,iperf -c 54.208.17.177 --dualtest --window 416k --time 15 ,,,,
i-03602067ac2e120cf,c3.large,1540010941,15.0 sec,550 Mbits/sec,284 Mbits/sec,12,10,iperf -c 54.208.17.177 --dualtest --window 416k --time 15 ,,,,
i-03602067ac2e120cf,c3.large,1540010941,15.0 sec,476 Mbits/sec,261 Mbits/sec,12,10,iperf -c 54.208.17.177 --dualtest --window 416k --time 15 ,,,,
i-03602067ac2e120cf,c3.large,1540010941,15.0 sec,477 Mbits/sec,246 Mbits/sec,12,10,iperf -c 54.208.17.177 --dualtest --window 416k --time 15 ,,,,
i-03602067ac2e120cf,c3.large,1540010941,15.0 sec,520 Mbits/sec,278 Mbits/sec,13,10,iperf -c 54.208.17.177 --dualtest --window 416k --time 15 ,,,,
i-03602067ac2e120cf,c3.large,1540010941,15.0 sec,261 Mbits/sec,502 Mbits/sec,13,10,iperf -c 54.208.17.177 --dualtest --window 416k --time 15 ,,,,
i-03602067ac2e120cf,c3.large,1540010941,15.0 sec,477 Mbits/sec,267 Mbits/sec,13,10,iperf -c 54.208.17.177 --dualtest --window 416k --time 15 ,,,,
i-03602067ac2e120cf,c3.large,1540010941,15.0 sec,490 Mbits/sec,247 Mbits/sec,14,10,iperf -c 54.208.17.177 --dualtest --window 416k --time 15 ,,,,
i-03602067ac2e120cf,c3.large,1540010941,15.0 sec,484 Mbits/sec,247 Mbits/sec,14,10,iperf -c 54.208.17.177 --dualtest --window 416k --time 15 ,,,,
i-03602067ac2e120cf,c3.large,1540010941,15.0 sec,264 Mbits/sec,480 Mbits/sec,14,10,iperf -c 54.208.17.177 --dualtest --window 416k --time 15 ,,,,
i-03602067ac2e120cf,c3.large,1540010941,15.0 sec,449 Mbits/sec,244 Mbits/sec,15,10,iperf -c 54.208.17.177 --dualtest --window 416k --time 15 ,,,,
i-03602067ac2e120cf,c3.large,1540010941,15.0 sec,454 Mbits/sec,248 Mbits/sec,15,10,iperf -c 54.208.17.177 --dualtest --window 416k --time 15 ,,,,
i-03602067ac2e120cf,c3.large,1540010941,15.0 sec,445 Mbits/sec,239 Mbits/sec,15,10,iperf -c 54.208.17.177 --dualtest --window 416k --time 15 ,,,,
i-03602067ac2e120cf,c3.large,1540010941,15.0 sec,425 Mbits/sec,233 Mbits/sec,16,10,iperf -c 54.208.17.177 --dualtest --window 416k --time 15 ,,,,
i-03602067ac2e120cf,c3.large,1540010941,15.0 sec,418 Mbits/sec,230 Mbits/sec,16,10,iperf -c 54.208.17.177 --dualtest --window 416k --time 15 ,,,,
i-03602067ac2e120cf,c3.large,1540010941,15.0 sec,416 Mbits/sec,219 Mbits/sec,16,10,iperf -c 54.208.17.177 --dualtest --window 416k --time 15 ,,,,
i-018b14bfcb432ead6,c3.large,1540010941,15.0 sec,548 Mbits/sec,547 Mbits/sec,8,8,iperf -c 18.209.108.204 --dualtest --window 416k --time 15 ,,,,
i-018b14bfcb432ead6,c3.large,1540010941,15.0 sec,473 Mbits/sec,473 Mbits/sec,8,8,iperf -c 18.209.108.204 --dualtest --window 416k --time 15 ,,,,
i-018b14bfcb432ead6,c3.large,1540010941,15.0 sec,474 Mbits/sec,471 Mbits/sec,8,8,iperf -c 18.209.108.204 --dualtest --window 416k --time 15 ,,,,
i-018b14bfcb432ead6,c3.large,1540010941,15.0 sec,547 Mbits/sec,549 Mbits/sec,9,8,iperf -c 18.209.108.204 --dualtest --window 416k --time 15 ,,,,
i-018b14bfcb432ead6,c3.large,1540010941,15.0 sec,472 Mbits/sec,474 Mbits/sec,9,8,iperf -c 18.209.108.204 --dualtest --window 416k --time 15 ,,,,
i-018b14bfcb432ead6,c3.large,1540010941,15.0 sec,473 Mbits/sec,472 Mbits/sec,9,8,iperf -c 18.209.108.204 --dualtest --window 416k --time 15 ,,,,
i-018b14bfcb432ead6,c3.large,1540010941,15.0 sec,549 Mbits/sec,449 Mbits/sec,10,8,iperf -c 18.209.108.204 --dualtest --window 416k --time 15 ,,,,
i-018b14bfcb432ead6,c3.large,1540010941,15.0 sec,474 Mbits/sec,491 Mbits/sec,10,8,iperf -c 18.209.108.204 --dualtest --window 416k --time 15 ,,,,
i-018b14bfcb432ead6,c3.large,1540010941,15.0 sec,473 Mbits/sec,482 Mbits/sec,10,8,iperf -c 18.209.108.204 --dualtest --window 416k --time 15 ,,,,
i-018b14bfcb432ead6,c3.large,1540010941,15.0 sec,551 Mbits/sec,338 Mbits/sec,11,8,iperf -c 18.209.108.204 --dualtest --window 416k --time 15 ,,,,
i-018b14bfcb432ead6,c3.large,1540010941,15.0 sec,476 Mbits/sec,332 Mbits/sec,11,8,iperf -c 18.209.108.204 --dualtest --window 416k --time 15 ,,,,
i-018b14bfcb432ead6,c3.large,1540010941,15.0 sec,475 Mbits/sec,338 Mbits/sec,11,8,iperf -c 18.209.108.204 --dualtest --window 416k --time 15 ,,,,
i-018b14bfcb432ead6,c3.large,1540010941,15.0 sec,548 Mbits/sec,310 Mbits/sec,12,8,iperf -c 18.209.108.204 --dualtest --window 416k --time 15 ,,,,
i-018b14bfcb432ead6,c3.large,1540010941,15.0 sec,479 Mbits/sec,257 Mbits/sec,12,8,iperf -c 18.209.108.204 --dualtest --window 416k --time 15 ,,,,
i-018b14bfcb432ead6,c3.large,1540010941,15.0 sec,476 Mbits/sec,254 Mbits/sec,12,8,iperf -c 18.209.108.204 --dualtest --window 416k --time 15 ,,,,
i-018b14bfcb432ead6,c3.large,1540010941,15.0 sec,518 Mbits/sec,292 Mbits/sec,13,8,iperf -c 18.209.108.204 --dualtest --window 416k --time 15 ,,,,
i-018b14bfcb432ead6,c3.large,1540010941,15.0 sec,508 Mbits/sec,283 Mbits/sec,13,8,iperf -c 18.209.108.204 --dualtest --window 416k --time 15 ,,,,
i-018b14bfcb432ead6,c3.large,1540010941,15.0 sec,472 Mbits/sec,258 Mbits/sec,13,8,iperf -c 18.209.108.204 --dualtest --window 416k --time 15 ,,,,
i-018b14bfcb432ead6,c3.large,1540010941,15.0 sec,483 Mbits/sec,249 Mbits/sec,14,8,iperf -c 18.209.108.204 --dualtest --window 416k --time 15 ,,,,
i-018b14bfcb432ead6,c3.large,1540010941,15.0 sec,483 Mbits/sec,245 Mbits/sec,14,8,iperf -c 18.209.108.204 --dualtest --window 416k --time 15 ,,,,
i-018b14bfcb432ead6,c3.large,1540010941,15.0 sec,221 Mbits/sec,483 Mbits/sec,14,8,iperf -c 18.209.108.204 --dualtest --window 416k --time 15 ,,,,
i-018b14bfcb432ead6,c3.large,1540010941,15.0 sec,460 Mbits/sec,239 Mbits/sec,15,8,iperf -c 18.209.108.204 --dualtest --window 416k --time 15 ,,,,
i-018b14bfcb432ead6,c3.large,1540010941,15.0 sec,457 Mbits/sec,232 Mbits/sec,15,8,iperf -c 18.209.108.204 --dualtest --window 416k --time 15 ,,,,
i-018b14bfcb432ead6,c3.large,1540010941,15.0 sec,446 Mbits/sec,243 Mbits/sec,15,8,iperf -c 18.209.108.204 --dualtest --window 416k --time 15 ,,,,
i-018b14bfcb432ead6,c3.large,1540010941,15.0 sec,426 Mbits/sec,220 Mbits/sec,16,8,iperf -c 18.209.108.204 --dualtest --window 416k --time 15 ,,,,
i-018b14bfcb432ead6,c3.large,1540010941,15.0 sec,420 Mbits/sec,225 Mbits/sec,16,8,iperf -c 18.209.108.204 --dualtest --window 416k --time 15 ,,,,
i-018b14bfcb432ead6,c3.large,1540010941,15.0 sec,423 Mbits/sec,227 Mbits/sec,16,8,iperf -c 18.209.108.204 --dualtest --window 416k --time 15 ,,,,
i-01599b82a84e1d7fa,c3.large,1540010941,15.0 sec,449 Mbits/sec,240 Mbits/sec,15,15,iperf -c 54.90.122.192 --dualtest --window 416k --time 15 ,,,,
i-01599b82a84e1d7fa,c3.large,1540010941,15.0 sec,456 Mbits/sec,230 Mbits/sec,15,15,iperf -c 54.90.122.192 --dualtest --window 416k --time 15 ,,,,
i-01599b82a84e1d7fa,c3.large,1540010941,15.0 sec,453 Mbits/sec,254 Mbits/sec,15,15,iperf -c 54.90.122.192 --dualtest --window 416k --time 15 ,,,,
i-01599b82a84e1d7fa,c3.large,1540010941,15.0 sec,431 Mbits/sec,229 Mbits/sec,16,15,iperf -c 54.90.122.192 --dualtest --window 416k --time 15 ,,,,
i-01599b82a84e1d7fa,c3.large,1540010941,15.0 sec,426 Mbits/sec,106 Mbits/sec,16,15,iperf -c 54.90.122.192 --dualtest --window 416k --time 15 ,,,,
i-01599b82a84e1d7fa,c3.large,1540010941,15.0 sec,420 Mbits/sec,227 Mbits/sec,16,15,iperf -c 54.90.122.192 --dualtest --window 416k --time 15 ,,,,
i-0eb7e4db47abfbad7,c3.large,1540010941,15.0 sec,551 Mbits/sec,295 Mbits/sec,12,12,iperf -c 54.85.111.164 --dualtest --window 416k --time 15 ,,,,
i-0eb7e4db47abfbad7,c3.large,1540010941,15.0 sec,475 Mbits/sec,262 Mbits/sec,12,12,iperf -c 54.85.111.164 --dualtest --window 416k --time 15 ,,,,
i-0eb7e4db47abfbad7,c3.large,1540010941,15.0 sec,476 Mbits/sec,252 Mbits/sec,12,12,iperf -c 54.85.111.164 --dualtest --window 416k --time 15 ,,,,
i-0eb7e4db47abfbad7,c3.large,1540010941,15.0 sec,519 Mbits/sec,285 Mbits/sec,13,12,iperf -c 54.85.111.164 --dualtest --window 416k --time 15 ,,,,
i-0eb7e4db47abfbad7,c3.large,1540010941,15.0 sec,509 Mbits/sec,256 Mbits/sec,13,12,iperf -c 54.85.111.164 --dualtest --window 416k --time 15 ,,,,
i-0eb7e4db47abfbad7,c3.large,1540010941,15.0 sec,253 Mbits/sec,470 Mbits/sec,13,12,iperf -c 54.85.111.164 --dualtest --window 416k --time 15 ,,,,
i-0eb7e4db47abfbad7,c3.large,1540010941,15.0 sec,485 Mbits/sec,274 Mbits/sec,14,12,iperf -c 54.85.111.164 --dualtest --window 416k --time 15 ,,,,
i-0eb7e4db47abfbad7,c3.large,1540010941,15.0 sec,485 Mbits/sec,265 Mbits/sec,14,12,iperf -c 54.85.111.164 --dualtest --window 416k --time 15 ,,,,
i-0eb7e4db47abfbad7,c3.large,1540010941,15.0 sec,490 Mbits/sec,243 Mbits/sec,14,12,iperf -c 54.85.111.164 --dualtest --window 416k --time 15 ,,,,
i-0eb7e4db47abfbad7,c3.large,1540010941,15.0 sec,462 Mbits/sec,248 Mbits/sec,15,12,iperf -c 54.85.111.164 --dualtest --window 416k --time 15 ,,,,
i-0eb7e4db47abfbad7,c3.large,1540010941,15.0 sec,455 Mbits/sec,220 Mbits/sec,15,12,iperf -c 54.85.111.164 --dualtest --window 416k --time 15 ,,,,
i-0eb7e4db47abfbad7,c3.large,1540010941,15.0 sec,443 Mbits/sec,227 Mbits/sec,15,12,iperf -c 54.85.111.164 --dualtest --window 416k --time 15 ,,,,
i-0eb7e4db47abfbad7,c3.large,1540010941,15.0 sec,423 Mbits/sec,229 Mbits/sec,16,12,iperf -c 54.85.111.164 --dualtest --window 416k --time 15 ,,,,
i-0eb7e4db47abfbad7,c3.large,1540010941,15.0 sec,424 Mbits/sec,213 Mbits/sec,16,12,iperf -c 54.85.111.164 --dualtest --window 416k --time 15 ,,,,
i-0eb7e4db47abfbad7,c3.large,1540010941,15.0 sec,421 Mbits/sec,223 Mbits/sec,16,12,iperf -c 54.85.111.164 --dualtest --window 416k --time 15 ,,,,
i-0d42a6b493028b64e,c3.large,1540010941,15.0 sec,427 Mbits/sec,241 Mbits/sec,16,16,iperf -c 54.165.209.106 --dualtest --window 416k --time 15 ,,,,
i-0d42a6b493028b64e,c3.large,1540010941,15.0 sec,419 Mbits/sec,229 Mbits/sec,16,16,iperf -c 54.165.209.106 --dualtest --window 416k --time 15 ,,,,
i-0d42a6b493028b64e,c3.large,1540010941,15.0 sec,418 Mbits/sec,213 Mbits/sec,16,16,iperf -c 54.165.209.106 --dualtest --window 416k --time 15 ,,,,
i-019bf018b63917da9,c3.large,1540010941,15.0 sec,547 Mbits/sec,547 Mbits/sec,7,7,iperf -c 54.91.226.161 --dualtest --window 416k --time 15 ,,,,
i-019bf018b63917da9,c3.large,1540010941,15.0 sec,473 Mbits/sec,472 Mbits/sec,7,7,iperf -c 54.91.226.161 --dualtest --window 416k --time 15 ,,,,
i-019bf018b63917da9,c3.large,1540010941,15.0 sec,475 Mbits/sec,450 Mbits/sec,7,7,iperf -c 54.91.226.161 --dualtest --window 416k --time 15 ,,,,
i-019bf018b63917da9,c3.large,1540010941,15.0 sec,547 Mbits/sec,547 Mbits/sec,8,7,iperf -c 54.91.226.161 --dualtest --window 416k --time 15 ,,,,
i-019bf018b63917da9,c3.large,1540010941,15.0 sec,473 Mbits/sec,472 Mbits/sec,8,7,iperf -c 54.91.226.161 --dualtest --window 416k --time 15 ,,,,
i-019bf018b63917da9,c3.large,1540010941,15.0 sec,474 Mbits/sec,472 Mbits/sec,8,7,iperf -c 54.91.226.161 --dualtest --window 416k --time 15 ,,,,
i-019bf018b63917da9,c3.large,1540010941,15.0 sec,548 Mbits/sec,548 Mbits/sec,9,7,iperf -c 54.91.226.161 --dualtest --window 416k --time 15 ,,,,
i-019bf018b63917da9,c3.large,1540010941,15.0 sec,471 Mbits/sec,473 Mbits/sec,9,7,iperf -c 54.91.226.161 --dualtest --window 416k --time 15 ,,,,
i-019bf018b63917da9,c3.large,1540010941,15.0 sec,472 Mbits/sec,474 Mbits/sec,9,7,iperf -c 54.91.226.161 --dualtest --window 416k --time 15 ,,,,
i-019bf018b63917da9,c3.large,1540010941,15.0 sec,550 Mbits/sec,445 Mbits/sec,10,7,iperf -c 54.91.226.161 --dualtest --window 416k --time 15 ,,,,
i-019bf018b63917da9,c3.large,1540010941,15.0 sec,475 Mbits/sec,499 Mbits/sec,10,7,iperf -c 54.91.226.161 --dualtest --window 416k --time 15 ,,,,
i-019bf018b63917da9,c3.large,1540010941,15.0 sec,475 Mbits/sec,486 Mbits/sec,10,7,iperf -c 54.91.226.161 --dualtest --window 416k --time 15 ,,,,
i-019bf018b63917da9,c3.large,1540010941,15.0 sec,549 Mbits/sec,331 Mbits/sec,11,7,iperf -c 54.91.226.161 --dualtest --window 416k --time 15 ,,,,
i-019bf018b63917da9,c3.large,1540010941,15.0 sec,475 Mbits/sec,338 Mbits/sec,11,7,iperf -c 54.91.226.161 --dualtest --window 416k --time 15 ,,,,
i-019bf018b63917da9,c3.large,1540010941,15.0 sec,475 Mbits/sec,364 Mbits/sec,11,7,iperf -c 54.91.226.161 --dualtest --window 416k --time 15 ,,,,
i-019bf018b63917da9,c3.large,1540010941,15.0 sec,551 Mbits/sec,295 Mbits/sec,12,7,iperf -c 54.91.226.161 --dualtest --window 416k --time 15 ,,,,
i-019bf018b63917da9,c3.large,1540010941,15.0 sec,476 Mbits/sec,245 Mbits/sec,12,7,iperf -c 54.91.226.161 --dualtest --window 416k --time 15 ,,,,
i-019bf018b63917da9,c3.large,1540010941,15.0 sec,477 Mbits/sec,247 Mbits/sec,12,7,iperf -c 54.91.226.161 --dualtest --window 416k --time 15 ,,,,
i-019bf018b63917da9,c3.large,1540010941,15.0 sec,521 Mbits/sec,233 Mbits/sec,13,7,iperf -c 54.91.226.161 --dualtest --window 416k --time 15 ,,,,
i-019bf018b63917da9,c3.large,1540010941,15.0 sec,507 Mbits/sec,253 Mbits/sec,13,7,iperf -c 54.91.226.161 --dualtest --window 416k --time 15 ,,,,
i-019bf018b63917da9,c3.large,1540010941,15.0 sec,265 Mbits/sec,470 Mbits/sec,13,7,iperf -c 54.91.226.161 --dualtest --window 416k --time 15 ,,,,
i-019bf018b63917da9,c3.large,1540010941,15.0 sec,489 Mbits/sec,243 Mbits/sec,14,7,iperf -c 54.91.226.161 --dualtest --window 416k --time 15 ,,,,
i-019bf018b63917da9,c3.large,1540010941,15.0 sec,482 Mbits/sec,247 Mbits/sec,14,7,iperf -c 54.91.226.161 --dualtest --window 416k --time 15 ,,,,
i-019bf018b63917da9,c3.large,1540010941,15.0 sec,490 Mbits/sec,251 Mbits/sec,14,7,iperf -c 54.91.226.161 --dualtest --window 416k --time 15 ,,,,
i-019bf018b63917da9,c3.large,1540010941,15.0 sec,452 Mbits/sec,251 Mbits/sec,15,7,iperf -c 54.91.226.161 --dualtest --window 416k --time 15 ,,,,
i-019bf018b63917da9,c3.large,1540010941,15.0 sec,441 Mbits/sec,235 Mbits/sec,15,7,iperf -c 54.91.226.161 --dualtest --window 416k --time 15 ,,,,
i-019bf018b63917da9,c3.large,1540010941,15.0 sec,450 Mbits/sec,206 Mbits/sec,15,7,iperf -c 54.91.226.161 --dualtest --window 416k --time 15 ,,,,
i-019bf018b63917da9,c3.large,1540010941,15.0 sec,421 Mbits/sec,217 Mbits/sec,16,7,iperf -c 54.91.226.161 --dualtest --window 416k --time 15 ,,,,
i-019bf018b63917da9,c3.large,1540010941,15.0 sec,423 Mbits/sec,219 Mbits/sec,16,7,iperf -c 54.91.226.161 --dualtest --window 416k --time 15 ,,,,
i-019bf018b63917da9,c3.large,1540010941,15.0 sec,419 Mbits/sec,227 Mbits/sec,16,7,iperf -c 54.91.226.161 --dualtest --window 416k --time 15 ,,,,
i-0911d3bab57b9f6e9,c3.large,1540010941,15.0 sec,547 Mbits/sec,548 Mbits/sec,2,2,iperf -c 18.215.251.1 --dualtest --window 416k --time 15 ,,,,
i-0911d3bab57b9f6e9,c3.large,1540010941,15.0 sec,472 Mbits/sec,472 Mbits/sec,2,2,iperf -c 18.215.251.1 --dualtest --window 416k --time 15 ,,,,
i-0911d3bab57b9f6e9,c3.large,1540010941,15.0 sec,471 Mbits/sec,473 Mbits/sec,2,2,iperf -c 18.215.251.1 --dualtest --window 416k --time 15 ,,,,
i-0911d3bab57b9f6e9,c3.large,1540010941,15.0 sec,547 Mbits/sec,546 Mbits/sec,3,2,iperf -c 18.215.251.1 --dualtest --window 416k --time 15 ,,,,
i-0911d3bab57b9f6e9,c3.large,1540010941,15.0 sec,472 Mbits/sec,474 Mbits/sec,3,2,iperf -c 18.215.251.1 --dualtest --window 416k --time 15 ,,,,
i-0911d3bab57b9f6e9,c3.large,1540010941,15.0 sec,474 Mbits/sec,472 Mbits/sec,3,2,iperf -c 18.215.251.1 --dualtest --window 416k --time 15 ,,,,
i-0911d3bab57b9f6e9,c3.large,1540010941,15.0 sec,547 Mbits/sec,546 Mbits/sec,4,2,iperf -c 18.215.251.1 --dualtest --window 416k --time 15 ,,,,
i-0911d3bab57b9f6e9,c3.large,1540010941,15.0 sec,472 Mbits/sec,471 Mbits/sec,4,2,iperf -c 18.215.251.1 --dualtest --window 416k --time 15 ,,,,
i-0911d3bab57b9f6e9,c3.large,1540010941,15.0 sec,472 Mbits/sec,473 Mbits/sec,4,2,iperf -c 18.215.251.1 --dualtest --window 416k --time 15 ,,,,
i-0911d3bab57b9f6e9,c3.large,1540010941,15.0 sec,548 Mbits/sec,547 Mbits/sec,5,2,iperf -c 18.215.251.1 --dualtest --window 416k --time 15 ,,,,
i-0911d3bab57b9f6e9,c3.large,1540010941,15.0 sec,470 Mbits/sec,472 Mbits/sec,5,2,iperf -c 18.215.251.1 --dualtest --window 416k --time 15 ,,,,
i-0911d3bab57b9f6e9,c3.large,1540010941,15.0 sec,474 Mbits/sec,471 Mbits/sec,5,2,iperf -c 18.215.251.1 --dualtest --window 416k --time 15 ,,,,
i-0911d3bab57b9f6e9,c3.large,1540010941,15.0 sec,547 Mbits/sec,547 Mbits/sec,6,2,iperf -c 18.215.251.1 --dualtest --window 416k --time 15 ,,,,
i-0911d3bab57b9f6e9,c3.large,1540010941,15.0 sec,473 Mbits/sec,472 Mbits/sec,6,2,iperf -c 18.215.251.1 --dualtest --window 416k --time 15 ,,,,
i-0911d3bab57b9f6e9,c3.large,1540010941,15.0 sec,473 Mbits/sec,471 Mbits/sec,6,2,iperf -c 18.215.251.1 --dualtest --window 416k --time 15 ,,,,
i-0911d3bab57b9f6e9,c3.large,1540010941,15.0 sec,547 Mbits/sec,548 Mbits/sec,7,2,iperf -c 18.215.251.1 --dualtest --window 416k --time 15 ,,,,
i-0911d3bab57b9f6e9,c3.large,1540010941,15.0 sec,473 Mbits/sec,472 Mbits/sec,7,2,iperf -c 18.215.251.1 --dualtest --window 416k --time 15 ,,,,
i-0911d3bab57b9f6e9,c3.large,1540010941,15.0 sec,472 Mbits/sec,472 Mbits/sec,7,2,iperf -c 18.215.251.1 --dualtest --window 416k --time 15 ,,,,
i-0911d3bab57b9f6e9,c3.large,1540010941,15.0 sec,550 Mbits/sec,488 Mbits/sec,8,2,iperf -c 18.215.251.1 --dualtest --window 416k --time 15 ,,,,
i-0911d3bab57b9f6e9,c3.large,1540010941,15.0 sec,474 Mbits/sec,486 Mbits/sec,8,2,iperf -c 18.215.251.1 --dualtest --window 416k --time 15 ,,,,
i-0911d3bab57b9f6e9,c3.large,1540010941,15.0 sec,472 Mbits/sec,473 Mbits/sec,8,2,iperf -c 18.215.251.1 --dualtest --window 416k --time 15 ,,,,
i-0911d3bab57b9f6e9,c3.large,1540010941,15.0 sec,549 Mbits/sec,377 Mbits/sec,9,2,iperf -c 18.215.251.1 --dualtest --window 416k --time 15 ,,,,
i-0911d3bab57b9f6e9,c3.large,1540010941,15.0 sec,474 Mbits/sec,546 Mbits/sec,9,2,iperf -c 18.215.251.1 --dualtest --window 416k --time 15 ,,,,
i-0911d3bab57b9f6e9,c3.large,1540010941,15.0 sec,472 Mbits/sec,472 Mbits/sec,9,2,iperf -c 18.215.251.1 --dualtest --window 416k --time 15 ,,,,
i-0911d3bab57b9f6e9,c3.large,1540010941,15.0 sec,550 Mbits/sec,433 Mbits/sec,10,2,iperf -c 18.215.251.1 --dualtest --window 416k --time 15 ,,,,
i-0911d3bab57b9f6e9,c3.large,1540010941,15.0 sec,473 Mbits/sec,475 Mbits/sec,10,2,iperf -c 18.215.251.1 --dualtest --window 416k --time 15 ,,,,
i-0911d3bab57b9f6e9,c3.large,1540010941,15.0 sec,473 Mbits/sec,475 Mbits/sec,10,2,iperf -c 18.215.251.1 --dualtest --window 416k --time 15 ,,,,
i-0911d3bab57b9f6e9,c3.large,1540010941,15.0 sec,550 Mbits/sec,353 Mbits/sec,11,2,iperf -c 18.215.251.1 --dualtest --window 416k --time 15 ,,,,
i-0911d3bab57b9f6e9,c3.large,1540010941,15.0 sec,474 Mbits/sec,364 Mbits/sec,11,2,iperf -c 18.215.251.1 --dualtest --window 416k --time 15 ,,,,
i-0911d3bab57b9f6e9,c3.large,1540010941,15.0 sec,476 Mbits/sec,357 Mbits/sec,11,2,iperf -c 18.215.251.1 --dualtest --window 416k --time 15 ,,,,
i-0911d3bab57b9f6e9,c3.large,1540010941,15.0 sec,549 Mbits/sec,287 Mbits/sec,12,2,iperf -c 18.215.251.1 --dualtest --window 416k --time 15 ,,,,
i-0911d3bab57b9f6e9,c3.large,1540010941,15.0 sec,476 Mbits/sec,258 Mbits/sec,12,2,iperf -c 18.215.251.1 --dualtest --window 416k --time 15 ,,,,
i-0911d3bab57b9f6e9,c3.large,1540010941,15.0 sec,477 Mbits/sec,261 Mbits/sec,12,2,iperf -c 18.215.251.1 --dualtest --window 416k --time 15 ,,,,
i-0911d3bab57b9f6e9,c3.large,1540010941,15.0 sec,522 Mbits/sec,274 Mbits/sec,13,2,iperf -c 18.215.251.1 --dualtest --window 416k --time 15 ,,,,
i-0911d3bab57b9f6e9,c3.large,1540010941,15.0 sec,506 Mbits/sec,275 Mbits/sec,13,2,iperf -c 18.215.251.1 --dualtest --window 416k --time 15 ,,,,
i-0911d3bab57b9f6e9,c3.large,1540010941,15.0 sec,477 Mbits/sec,247 Mbits/sec,13,2,iperf -c 18.215.251.1 --dualtest --window 416k --time 15 ,,,,
i-0911d3bab57b9f6e9,c3.large,1540010941,15.0 sec,483 Mbits/sec,257 Mbits/sec,14,2,iperf -c 18.215.251.1 --dualtest --window 416k --time 15 ,,,,
i-0911d3bab57b9f6e9,c3.large,1540010941,15.0 sec,481 Mbits/sec,243 Mbits/sec,14,2,iperf -c 18.215.251.1 --dualtest --window 416k --time 15 ,,,,
i-0911d3bab57b9f6e9,c3.large,1540010941,15.0 sec,490 Mbits/sec,251 Mbits/sec,14,2,iperf -c 18.215.251.1 --dualtest --window 416k --time 15 ,,,,
i-0911d3bab57b9f6e9,c3.large,1540010941,15.0 sec,449 Mbits/sec,231 Mbits/sec,15,2,iperf -c 18.215.251.1 --dualtest --window 416k --time 15 ,,,,
i-0911d3bab57b9f6e9,c3.large,1540010941,15.0 sec,381 Mbits/sec,248 Mbits/sec,15,2,iperf -c 18.215.251.1 --dualtest --window 416k --time 15 ,,,,
i-0911d3bab57b9f6e9,c3.large,1540010941,15.0 sec,453 Mbits/sec,249 Mbits/sec,15,2,iperf -c 18.215.251.1 --dualtest --window 416k --time 15 ,,,,
i-0911d3bab57b9f6e9,c3.large,1540010941,15.0 sec,419 Mbits/sec,194 Mbits/sec,16,2,iperf -c 18.215.251.1 --dualtest --window 416k --time 15 ,,,,
i-0911d3bab57b9f6e9,c3.large,1540010941,15.0 sec,422 Mbits/sec,217 Mbits/sec,16,2,iperf -c 18.215.251.1 --dualtest --window 416k --time 15 ,,,,
i-0911d3bab57b9f6e9,c3.large,1540010941,15.0 sec,433 Mbits/sec,241 Mbits/sec,16,2,iperf -c 18.215.251.1 --dualtest --window 416k --time 15 ,,,,
i-0e798676139e7dd5a,c3.large,1540010941,15.0 sec,547 Mbits/sec,547 Mbits/sec,6,6,iperf -c 54.84.128.138 --dualtest --window 416k --time 15 ,,,,
i-0e798676139e7dd5a,c3.large,1540010941,15.0 sec,473 Mbits/sec,471 Mbits/sec,6,6,iperf -c 54.84.128.138 --dualtest --window 416k --time 15 ,,,,
i-0e798676139e7dd5a,c3.large,1540010941,15.0 sec,471 Mbits/sec,475 Mbits/sec,6,6,iperf -c 54.84.128.138 --dualtest --window 416k --time 15 ,,,,
i-0e798676139e7dd5a,c3.large,1540010941,15.0 sec,547 Mbits/sec,548 Mbits/sec,7,6,iperf -c 54.84.128.138 --dualtest --window 416k --time 15 ,,,,
i-0e798676139e7dd5a,c3.large,1540010941,15.0 sec,472 Mbits/sec,472 Mbits/sec,7,6,iperf -c 54.84.128.138 --dualtest --window 416k --time 15 ,,,,
i-0e798676139e7dd5a,c3.large,1540010941,15.0 sec,474 Mbits/sec,473 Mbits/sec,7,6,iperf -c 54.84.128.138 --dualtest --window 416k --time 15 ,,,,
i-0e798676139e7dd5a,c3.large,1540010941,15.0 sec,548 Mbits/sec,496 Mbits/sec,8,6,iperf -c 54.84.128.138 --dualtest --window 416k --time 15 ,,,,
i-0e798676139e7dd5a,c3.large,1540010941,15.0 sec,473 Mbits/sec,499 Mbits/sec,8,6,iperf -c 54.84.128.138 --dualtest --window 416k --time 15 ,,,,
i-0e798676139e7dd5a,c3.large,1540010941,15.0 sec,474 Mbits/sec,471 Mbits/sec,8,6,iperf -c 54.84.128.138 --dualtest --window 416k --time 15 ,,,,
i-0e798676139e7dd5a,c3.large,1540010941,15.0 sec,550 Mbits/sec,427 Mbits/sec,9,6,iperf -c 54.84.128.138 --dualtest --window 416k --time 15 ,,,,
i-0e798676139e7dd5a,c3.large,1540010941,15.0 sec,472 Mbits/sec,522 Mbits/sec,9,6,iperf -c 54.84.128.138 --dualtest --window 416k --time 15 ,,,,
i-0e798676139e7dd5a,c3.large,1540010941,15.0 sec,473 Mbits/sec,473 Mbits/sec,9,6,iperf -c 54.84.128.138 --dualtest --window 416k --time 15 ,,,,
i-0e798676139e7dd5a,c3.large,1540010941,15.0 sec,551 Mbits/sec,426 Mbits/sec,10,6,iperf -c 54.84.128.138 --dualtest --window 416k --time 15 ,,,,
i-0e798676139e7dd5a,c3.large,1540010941,15.0 sec,474 Mbits/sec,446 Mbits/sec,10,6,iperf -c 54.84.128.138 --dualtest --window 416k --time 15 ,,,,
i-0e798676139e7dd5a,c3.large,1540010941,15.0 sec,473 Mbits/sec,426 Mbits/sec,10,6,iperf -c 54.84.128.138 --dualtest --window 416k --time 15 ,,,,
i-0e798676139e7dd5a,c3.large,1540010941,15.0 sec,550 Mbits/sec,317 Mbits/sec,11,6,iperf -c 54.84.128.138 --dualtest --window 416k --time 15 ,,,,
i-0e798676139e7dd5a,c3.large,1540010941,15.0 sec,476 Mbits/sec,332 Mbits/sec,11,6,iperf -c 54.84.128.138 --dualtest --window 416k --time 15 ,,,,
i-0e798676139e7dd5a,c3.large,1540010941,15.0 sec,474 Mbits/sec,371 Mbits/sec,11,6,iperf -c 54.84.128.138 --dualtest --window 416k --time 15 ,,,,
i-0e798676139e7dd5a,c3.large,1540010941,15.0 sec,551 Mbits/sec,304 Mbits/sec,12,6,iperf -c 54.84.128.138 --dualtest --window 416k --time 15 ,,,,
i-0e798676139e7dd5a,c3.large,1540010941,15.0 sec,475 Mbits/sec,246 Mbits/sec,12,6,iperf -c 54.84.128.138 --dualtest --window 416k --time 15 ,,,,
i-0e798676139e7dd5a,c3.large,1540010941,15.0 sec,478 Mbits/sec,245 Mbits/sec,12,6,iperf -c 54.84.128.138 --dualtest --window 416k --time 15 ,,,,
i-0e798676139e7dd5a,c3.large,1540010941,15.0 sec,525 Mbits/sec,285 Mbits/sec,13,6,iperf -c 54.84.128.138 --dualtest --window 416k --time 15 ,,,,
i-0e798676139e7dd5a,c3.large,1540010941,15.0 sec,496 Mbits/sec,270 Mbits/sec,13,6,iperf -c 54.84.128.138 --dualtest --window 416k --time 15 ,,,,
i-0e798676139e7dd5a,c3.large,1540010941,15.0 sec,477 Mbits/sec,280 Mbits/sec,13,6,iperf -c 54.84.128.138 --dualtest --window 416k --time 15 ,,,,
i-0e798676139e7dd5a,c3.large,1540010941,15.0 sec,491 Mbits/sec,269 Mbits/sec,14,6,iperf -c 54.84.128.138 --dualtest --window 416k --time 15 ,,,,
i-0e798676139e7dd5a,c3.large,1540010941,15.0 sec,483 Mbits/sec,263 Mbits/sec,14,6,iperf -c 54.84.128.138 --dualtest --window 416k --time 15 ,,,,
i-0e798676139e7dd5a,c3.large,1540010941,15.0 sec,485 Mbits/sec,265 Mbits/sec,14,6,iperf -c 54.84.128.138 --dualtest --window 416k --time 15 ,,,,
i-0e798676139e7dd5a,c3.large,1540010941,15.0 sec,457 Mbits/sec,239 Mbits/sec,15,6,iperf -c 54.84.128.138 --dualtest --window 416k --time 15 ,,,,
i-0e798676139e7dd5a,c3.large,1540010941,15.0 sec,456 Mbits/sec,230 Mbits/sec,15,6,iperf -c 54.84.128.138 --dualtest --window 416k --time 15 ,,,,
i-0e798676139e7dd5a,c3.large,1540010941,15.0 sec,446 Mbits/sec,247 Mbits/sec,15,6,iperf -c 54.84.128.138 --dualtest --window 416k --time 15 ,,,,
i-0e798676139e7dd5a,c3.large,1540010941,15.0 sec,422 Mbits/sec,209 Mbits/sec,16,6,iperf -c 54.84.128.138 --dualtest --window 416k --time 15 ,,,,
i-0e798676139e7dd5a,c3.large,1540010941,15.0 sec,420 Mbits/sec,226 Mbits/sec,16,6,iperf -c 54.84.128.138 --dualtest --window 416k --time 15 ,,,,
i-0e798676139e7dd5a,c3.large,1540010941,15.0 sec,430 Mbits/sec,238 Mbits/sec,16,6,iperf -c 54.84.128.138 --dualtest --window 416k --time 15 ,,,,
i-0e8c0bbfc550f0e0e,c3.large,1540010941,15.0 sec,519 Mbits/sec,264 Mbits/sec,13,13,iperf -c 52.90.213.55 --dualtest --window 416k --time 15 ,,,,
i-0e8c0bbfc550f0e0e,c3.large,1540010941,15.0 sec,258 Mbits/sec,502 Mbits/sec,13,13,iperf -c 52.90.213.55 --dualtest --window 416k --time 15 ,,,,
i-0e8c0bbfc550f0e0e,c3.large,1540010941,15.0 sec,482 Mbits/sec,249 Mbits/sec,13,13,iperf -c 52.90.213.55 --dualtest --window 416k --time 15 ,,,,
i-0e8c0bbfc550f0e0e,c3.large,1540010941,15.0 sec,481 Mbits/sec,245 Mbits/sec,14,13,iperf -c 52.90.213.55 --dualtest --window 416k --time 15 ,,,,
i-0e8c0bbfc550f0e0e,c3.large,1540010941,15.0 sec,479 Mbits/sec,263 Mbits/sec,14,13,iperf -c 52.90.213.55 --dualtest --window 416k --time 15 ,,,,
i-0e8c0bbfc550f0e0e,c3.large,1540010941,15.0 sec,482 Mbits/sec,276 Mbits/sec,14,13,iperf -c 52.90.213.55 --dualtest --window 416k --time 15 ,,,,
i-0e8c0bbfc550f0e0e,c3.large,1540010941,15.0 sec,452 Mbits/sec,263 Mbits/sec,15,13,iperf -c 52.90.213.55 --dualtest --window 416k --time 15 ,,,,
i-0e8c0bbfc550f0e0e,c3.large,1540010941,15.0 sec,454 Mbits/sec,244 Mbits/sec,15,13,iperf -c 52.90.213.55 --dualtest --window 416k --time 15 ,,,,
i-0e8c0bbfc550f0e0e,c3.large,1540010941,15.0 sec,445 Mbits/sec,243 Mbits/sec,15,13,iperf -c 52.90.213.55 --dualtest --window 416k --time 15 ,,,,
i-0e8c0bbfc550f0e0e,c3.large,1540010941,15.0 sec,431 Mbits/sec,223 Mbits/sec,16,13,iperf -c 52.90.213.55 --dualtest --window 416k --time 15 ,,,,
i-0e8c0bbfc550f0e0e,c3.large,1540010941,15.0 sec,426 Mbits/sec,217 Mbits/sec,16,13,iperf -c 52.90.213.55 --dualtest --window 416k --time 15 ,,,,
i-0e8c0bbfc550f0e0e,c3.large,1540010941,15.0 sec,395 Mbits/sec,226 Mbits/sec,16,13,iperf -c 52.90.213.55 --dualtest --window 416k --time 15 ,,,,
i-05e1cf8ea75b941fb,c3.large,1540010941,15.0 sec,547 Mbits/sec,549 Mbits/sec,1,1,iperf -c 34.207.178.230 --dualtest --window 416k --time 15 ,,,,
i-05e1cf8ea75b941fb,c3.large,1540010941,15.0 sec,473 Mbits/sec,472 Mbits/sec,1,1,iperf -c 34.207.178.230 --dualtest --window 416k --time 15 ,,,,
i-05e1cf8ea75b941fb,c3.large,1540010941,15.0 sec,475 Mbits/sec,472 Mbits/sec,1,1,iperf -c 34.207.178.230 --dualtest --window 416k --time 15 ,,,,
i-05e1cf8ea75b941fb,c3.large,1540010941,15.0 sec,547 Mbits/sec,547 Mbits/sec,2,1,iperf -c 34.207.178.230 --dualtest --window 416k --time 15 ,,,,
i-05e1cf8ea75b941fb,c3.large,1540010941,15.0 sec,473 Mbits/sec,472 Mbits/sec,2,1,iperf -c 34.207.178.230 --dualtest --window 416k --time 15 ,,,,
i-05e1cf8ea75b941fb,c3.large,1540010941,15.0 sec,472 Mbits/sec,474 Mbits/sec,2,1,iperf -c 34.207.178.230 --dualtest --window 416k --time 15 ,,,,
i-05e1cf8ea75b941fb,c3.large,1540010941,15.0 sec,547 Mbits/sec,546 Mbits/sec,3,1,iperf -c 34.207.178.230 --dualtest --window 416k --time 15 ,,,,
i-05e1cf8ea75b941fb,c3.large,1540010941,15.0 sec,473 Mbits/sec,472 Mbits/sec,3,1,iperf -c 34.207.178.230 --dualtest --window 416k --time 15 ,,,,
i-05e1cf8ea75b941fb,c3.large,1540010941,15.0 sec,475 Mbits/sec,470 Mbits/sec,3,1,iperf -c 34.207.178.230 --dualtest --window 416k --time 15 ,,,,
i-05e1cf8ea75b941fb,c3.large,1540010941,15.0 sec,547 Mbits/sec,549 Mbits/sec,4,1,iperf -c 34.207.178.230 --dualtest --window 416k --time 15 ,,,,
i-05e1cf8ea75b941fb,c3.large,1540010941,15.0 sec,472 Mbits/sec,473 Mbits/sec,4,1,iperf -c 34.207.178.230 --dualtest --window 416k --time 15 ,,,,
i-05e1cf8ea75b941fb,c3.large,1540010941,15.0 sec,473 Mbits/sec,473 Mbits/sec,4,1,iperf -c 34.207.178.230 --dualtest --window 416k --time 15 ,,,,
i-05e1cf8ea75b941fb,c3.large,1540010941,15.0 sec,547 Mbits/sec,539 Mbits/sec,5,1,iperf -c 34.207.178.230 --dualtest --window 416k --time 15 ,,,,
i-05e1cf8ea75b941fb,c3.large,1540010941,15.0 sec,480 Mbits/sec,479 Mbits/sec,5,1,iperf -c 34.207.178.230 --dualtest --window 416k --time 15 ,,,,
i-05e1cf8ea75b941fb,c3.large,1540010941,15.0 sec,473 Mbits/sec,472 Mbits/sec,5,1,iperf -c 34.207.178.230 --dualtest --window 416k --time 15 ,,,,
i-05e1cf8ea75b941fb,c3.large,1540010941,15.0 sec,550 Mbits/sec,548 Mbits/sec,6,1,iperf -c 34.207.178.230 --dualtest --window 416k --time 15 ,,,,
i-05e1cf8ea75b941fb,c3.large,1540010941,15.0 sec,473 Mbits/sec,471 Mbits/sec,6,1,iperf -c 34.207.178.230 --dualtest --window 416k --time 15 ,,,,
i-05e1cf8ea75b941fb,c3.large,1540010941,15.0 sec,473 Mbits/sec,472 Mbits/sec,6,1,iperf -c 34.207.178.230 --dualtest --window 416k --time 15 ,,,,
i-05e1cf8ea75b941fb,c3.large,1540010941,15.0 sec,550 Mbits/sec,519 Mbits/sec,7,1,iperf -c 34.207.178.230 --dualtest --window 416k --time 15 ,,,,
i-05e1cf8ea75b941fb,c3.large,1540010941,15.0 sec,473 Mbits/sec,480 Mbits/sec,7,1,iperf -c 34.207.178.230 --dualtest --window 416k --time 15 ,,,,
i-05e1cf8ea75b941fb,c3.large,1540010941,15.0 sec,473 Mbits/sec,473 Mbits/sec,7,1,iperf -c 34.207.178.230 --dualtest --window 416k --time 15 ,,,,
i-05e1cf8ea75b941fb,c3.large,1540010941,15.0 sec,550 Mbits/sec,440 Mbits/sec,8,1,iperf -c 34.207.178.230 --dualtest --window 416k --time 15 ,,,,
i-05e1cf8ea75b941fb,c3.large,1540010941,15.0 sec,474 Mbits/sec,522 Mbits/sec,8,1,iperf -c 34.207.178.230 --dualtest --window 416k --time 15 ,,,,
i-05e1cf8ea75b941fb,c3.large,1540010941,15.0 sec,473 Mbits/sec,472 Mbits/sec,8,1,iperf -c 34.207.178.230 --dualtest --window 416k --time 15 ,,,,
i-05e1cf8ea75b941fb,c3.large,1540010941,15.0 sec,549 Mbits/sec,430 Mbits/sec,9,1,iperf -c 34.207.178.230 --dualtest --window 416k --time 15 ,,,,
i-05e1cf8ea75b941fb,c3.large,1540010941,15.0 sec,473 Mbits/sec,531 Mbits/sec,9,1,iperf -c 34.207.178.230 --dualtest --window 416k --time 15 ,,,,
i-05e1cf8ea75b941fb,c3.large,1540010941,15.0 sec,473 Mbits/sec,473 Mbits/sec,9,1,iperf -c 34.207.178.230 --dualtest --window 416k --time 15 ,,,,
i-05e1cf8ea75b941fb,c3.large,1540010941,15.0 sec,551 Mbits/sec,391 Mbits/sec,10,1,iperf -c 34.207.178.230 --dualtest --window 416k --time 15 ,,,,
i-05e1cf8ea75b941fb,c3.large,1540010941,15.0 sec,475 Mbits/sec,431 Mbits/sec,10,1,iperf -c 34.207.178.230 --dualtest --window 416k --time 15 ,,,,
i-05e1cf8ea75b941fb,c3.large,1540010941,15.0 sec,473 Mbits/sec,442 Mbits/sec,10,1,iperf -c 34.207.178.230 --dualtest --window 416k --time 15 ,,,,
i-05e1cf8ea75b941fb,c3.large,1540010941,15.0 sec,550 Mbits/sec,362 Mbits/sec,11,1,iperf -c 34.207.178.230 --dualtest --window 416k --time 15 ,,,,
i-05e1cf8ea75b941fb,c3.large,1540010941,15.0 sec,475 Mbits/sec,352 Mbits/sec,11,1,iperf -c 34.207.178.230 --dualtest --window 416k --time 15 ,,,,
i-05e1cf8ea75b941fb,c3.large,1540010941,15.0 sec,475 Mbits/sec,368 Mbits/sec,11,1,iperf -c 34.207.178.230 --dualtest --window 416k --time 15 ,,,,
i-05e1cf8ea75b941fb,c3.large,1540010941,15.0 sec,549 Mbits/sec,279 Mbits/sec,12,1,iperf -c 34.207.178.230 --dualtest --window 416k --time 15 ,,,,
i-05e1cf8ea75b941fb,c3.large,1540010941,15.0 sec,475 Mbits/sec,249 Mbits/sec,12,1,iperf -c 34.207.178.230 --dualtest --window 416k --time 15 ,,,,
i-05e1cf8ea75b941fb,c3.large,1540010941,15.0 sec,478 Mbits/sec,271 Mbits/sec,12,1,iperf -c 34.207.178.230 --dualtest --window 416k --time 15 ,,,,
i-05e1cf8ea75b941fb,c3.large,1540010941,15.0 sec,513 Mbits/sec,274 Mbits/sec,13,1,iperf -c 34.207.178.230 --dualtest --window 416k --time 15 ,,,,
i-05e1cf8ea75b941fb,c3.large,1540010941,15.0 sec,508 Mbits/sec,278 Mbits/sec,13,1,iperf -c 34.207.178.230 --dualtest --window 416k --time 15 ,,,,
i-05e1cf8ea75b941fb,c3.large,1540010941,15.0 sec,482 Mbits/sec,249 Mbits/sec,13,1,iperf -c 34.207.178.230 --dualtest --window 416k --time 15 ,,,,
i-05e1cf8ea75b941fb,c3.large,1540010941,15.0 sec,485 Mbits/sec,265 Mbits/sec,14,1,iperf -c 34.207.178.230 --dualtest --window 416k --time 15 ,,,,
i-05e1cf8ea75b941fb,c3.large,1540010941,15.0 sec,480 Mbits/sec,247 Mbits/sec,14,1,iperf -c 34.207.178.230 --dualtest --window 416k --time 15 ,,,,
i-05e1cf8ea75b941fb,c3.large,1540010941,15.0 sec,492 Mbits/sec,234 Mbits/sec,14,1,iperf -c 34.207.178.230 --dualtest --window 416k --time 15 ,,,,
i-05e1cf8ea75b941fb,c3.large,1540010941,15.0 sec,447 Mbits/sec,243 Mbits/sec,15,1,iperf -c 34.207.178.230 --dualtest --window 416k --time 15 ,,,,
i-05e1cf8ea75b941fb,c3.large,1540010941,15.0 sec,458 Mbits/sec,241 Mbits/sec,15,1,iperf -c 34.207.178.230 --dualtest --window 416k --time 15 ,,,,
i-05e1cf8ea75b941fb,c3.large,1540010941,15.0 sec,451 Mbits/sec,266 Mbits/sec,15,1,iperf -c 34.207.178.230 --dualtest --window 416k --time 15 ,,,,
i-05e1cf8ea75b941fb,c3.large,1540010941,15.0 sec,424 Mbits/sec,232 Mbits/sec,16,1,iperf -c 34.207.178.230 --dualtest --window 416k --time 15 ,,,,
i-05e1cf8ea75b941fb,c3.large,1540010941,15.0 sec,427 Mbits/sec,219 Mbits/sec,16,1,iperf -c 34.207.178.230 --dualtest --window 416k --time 15 ,,,,
i-05e1cf8ea75b941fb,c3.large,1540010941,15.0 sec,420 Mbits/sec,226 Mbits/sec,16,1,iperf -c 34.207.178.230 --dualtest --window 416k --time 15 ,,,,
i-058057a45a168c2eb,c3.large,1540010941,15.0 sec,548 Mbits/sec,547 Mbits/sec,3,3,iperf -c 54.210.119.33 --dualtest --window 416k --time 15 ,,,,
i-058057a45a168c2eb,c3.large,1540010941,15.0 sec,474 Mbits/sec,472 Mbits/sec,3,3,iperf -c 54.210.119.33 --dualtest --window 416k --time 15 ,,,,
i-058057a45a168c2eb,c3.large,1540010941,15.0 sec,474 Mbits/sec,472 Mbits/sec,3,3,iperf -c 54.210.119.33 --dualtest --window 416k --time 15 ,,,,
i-058057a45a168c2eb,c3.large,1540010941,15.0 sec,547 Mbits/sec,547 Mbits/sec,4,3,iperf -c 54.210.119.33 --dualtest --window 416k --time 15 ,,,,
i-058057a45a168c2eb,c3.large,1540010941,15.0 sec,472 Mbits/sec,473 Mbits/sec,4,3,iperf -c 54.210.119.33 --dualtest --window 416k --time 15 ,,,,
i-058057a45a168c2eb,c3.large,1540010941,15.0 sec,473 Mbits/sec,472 Mbits/sec,4,3,iperf -c 54.210.119.33 --dualtest --window 416k --time 15 ,,,,
i-058057a45a168c2eb,c3.large,1540010941,15.0 sec,548 Mbits/sec,547 Mbits/sec,5,3,iperf -c 54.210.119.33 --dualtest --window 416k --time 15 ,,,,
i-058057a45a168c2eb,c3.large,1540010941,15.0 sec,471 Mbits/sec,471 Mbits/sec,5,3,iperf -c 54.210.119.33 --dualtest --window 416k --time 15 ,,,,
i-058057a45a168c2eb,c3.large,1540010941,15.0 sec,474 Mbits/sec,471 Mbits/sec,5,3,iperf -c 54.210.119.33 --dualtest --window 416k --time 15 ,,,,
i-058057a45a168c2eb,c3.large,1540010941,15.0 sec,548 Mbits/sec,548 Mbits/sec,6,3,iperf -c 54.210.119.33 --dualtest --window 416k --time 15 ,,,,
i-058057a45a168c2eb,c3.large,1540010941,15.0 sec,472 Mbits/sec,473 Mbits/sec,6,3,iperf -c 54.210.119.33 --dualtest --window 416k --time 15 ,,,,
i-058057a45a168c2eb,c3.large,1540010941,15.0 sec,474 Mbits/sec,471 Mbits/sec,6,3,iperf -c 54.210.119.33 --dualtest --window 416k --time 15 ,,,,
i-058057a45a168c2eb,c3.large,1540010941,15.0 sec,549 Mbits/sec,535 Mbits/sec,7,3,iperf -c 54.210.119.33 --dualtest --window 416k --time 15 ,,,,
i-058057a45a168c2eb,c3.large,1540010941,15.0 sec,473 Mbits/sec,470 Mbits/sec,7,3,iperf -c 54.210.119.33 --dualtest --window 416k --time 15 ,,,,
i-058057a45a168c2eb,c3.large,1540010941,15.0 sec,472 Mbits/sec,477 Mbits/sec,7,3,iperf -c 54.210.119.33 --dualtest --window 416k --time 15 ,,,,
i-058057a45a168c2eb,c3.large,1540010941,15.0 sec,548 Mbits/sec,491 Mbits/sec,8,3,iperf -c 54.210.119.33 --dualtest --window 416k --time 15 ,,,,
i-058057a45a168c2eb,c3.large,1540010941,15.0 sec,472 Mbits/sec,474 Mbits/sec,8,3,iperf -c 54.210.119.33 --dualtest --window 416k --time 15 ,,,,
i-058057a45a168c2eb,c3.large,1540010941,15.0 sec,472 Mbits/sec,473 Mbits/sec,8,3,iperf -c 54.210.119.33 --dualtest --window 416k --time 15 ,,,,
i-058057a45a168c2eb,c3.large,1540010941,15.0 sec,550 Mbits/sec,478 Mbits/sec,9,3,iperf -c 54.210.119.33 --dualtest --window 416k --time 15 ,,,,
i-058057a45a168c2eb,c3.large,1540010941,15.0 sec,470 Mbits/sec,502 Mbits/sec,9,3,iperf -c 54.210.119.33 --dualtest --window 416k --time 15 ,,,,
i-058057a45a168c2eb,c3.large,1540010941,15.0 sec,474 Mbits/sec,474 Mbits/sec,9,3,iperf -c 54.210.119.33 --dualtest --window 416k --time 15 ,,,,
i-058057a45a168c2eb,c3.large,1540010941,15.0 sec,551 Mbits/sec,383 Mbits/sec,10,3,iperf -c 54.210.119.33 --dualtest --window 416k --time 15 ,,,,
i-058057a45a168c2eb,c3.large,1540010941,15.0 sec,475 Mbits/sec,450 Mbits/sec,10,3,iperf -c 54.210.119.33 --dualtest --window 416k --time 15 ,,,,
i-058057a45a168c2eb,c3.large,1540010941,15.0 sec,475 Mbits/sec,429 Mbits/sec,10,3,iperf -c 54.210.119.33 --dualtest --window 416k --time 15 ,,,,
i-058057a45a168c2eb,c3.large,1540010941,15.0 sec,549 Mbits/sec,346 Mbits/sec,11,3,iperf -c 54.210.119.33 --dualtest --window 416k --time 15 ,,,,
i-058057a45a168c2eb,c3.large,1540010941,15.0 sec,477 Mbits/sec,367 Mbits/sec,11,3,iperf -c 54.210.119.33 --dualtest --window 416k --time 15 ,,,,
i-058057a45a168c2eb,c3.large,1540010941,15.0 sec,475 Mbits/sec,351 Mbits/sec,11,3,iperf -c 54.210.119.33 --dualtest --window 416k --time 15 ,,,,
i-058057a45a168c2eb,c3.large,1540010941,15.0 sec,551 Mbits/sec,289 Mbits/sec,12,3,iperf -c 54.210.119.33 --dualtest --window 416k --time 15 ,,,,
i-058057a45a168c2eb,c3.large,1540010941,15.0 sec,476 Mbits/sec,245 Mbits/sec,12,3,iperf -c 54.210.119.33 --dualtest --window 416k --time 15 ,,,,
i-058057a45a168c2eb,c3.large,1540010941,15.0 sec,476 Mbits/sec,259 Mbits/sec,12,3,iperf -c 54.210.119.33 --dualtest --window 416k --time 15 ,,,,
i-058057a45a168c2eb,c3.large,1540010941,15.0 sec,521 Mbits/sec,256 Mbits/sec,13,3,iperf -c 54.210.119.33 --dualtest --window 416k --time 15 ,,,,
i-058057a45a168c2eb,c3.large,1540010941,15.0 sec,508 Mbits/sec,256 Mbits/sec,13,3,iperf -c 54.210.119.33 --dualtest --window 416k --time 15 ,,,,
i-058057a45a168c2eb,c3.large,1540010941,15.0 sec,247 Mbits/sec,470 Mbits/sec,13,3,iperf -c 54.210.119.33 --dualtest --window 416k --time 15 ,,,,
i-058057a45a168c2eb,c3.large,1540010941,15.0 sec,477 Mbits/sec,261 Mbits/sec,14,3,iperf -c 54.210.119.33 --dualtest --window 416k --time 15 ,,,,
i-058057a45a168c2eb,c3.large,1540010941,15.0 sec,478 Mbits/sec,254 Mbits/sec,14,3,iperf -c 54.210.119.33 --dualtest --window 416k --time 15 ,,,,
i-058057a45a168c2eb,c3.large,1540010941,15.0 sec,275 Mbits/sec,483 Mbits/sec,14,3,iperf -c 54.210.119.33 --dualtest --window 416k --time 15 ,,,,
i-058057a45a168c2eb,c3.large,1540010941,15.0 sec,460 Mbits/sec,257 Mbits/sec,15,3,iperf -c 54.210.119.33 --dualtest --window 416k --time 15 ,,,,
i-058057a45a168c2eb,c3.large,1540010941,15.0 sec,456 Mbits/sec,233 Mbits/sec,15,3,iperf -c 54.210.119.33 --dualtest --window 416k --time 15 ,,,,
i-058057a45a168c2eb,c3.large,1540010941,15.0 sec,450 Mbits/sec,229 Mbits/sec,15,3,iperf -c 54.210.119.33 --dualtest --window 416k --time 15 ,,,,
i-058057a45a168c2eb,c3.large,1540010941,15.0 sec,428 Mbits/sec,239 Mbits/sec,16,3,iperf -c 54.210.119.33 --dualtest --window 416k --time 15 ,,,,
i-058057a45a168c2eb,c3.large,1540010941,15.0 sec,427 Mbits/sec,227 Mbits/sec,16,3,iperf -c 54.210.119.33 --dualtest --window 416k --time 15 ,,,,
i-058057a45a168c2eb,c3.large,1540010941,15.0 sec,420 Mbits/sec,216 Mbits/sec,16,3,iperf -c 54.210.119.33 --dualtest --window 416k --time 15 ,,,,
i-01bde66a52897a5a1,c3.large,1540010941,15.0 sec,549 Mbits/sec,346 Mbits/sec,11,11,iperf -c 18.212.144.211 --dualtest --window 416k --time 15 ,,,,
i-01bde66a52897a5a1,c3.large,1540010941,15.0 sec,473 Mbits/sec,341 Mbits/sec,11,11,iperf -c 18.212.144.211 --dualtest --window 416k --time 15 ,,,,
i-01bde66a52897a5a1,c3.large,1540010941,15.0 sec,477 Mbits/sec,353 Mbits/sec,11,11,iperf -c 18.212.144.211 --dualtest --window 416k --time 15 ,,,,
i-01bde66a52897a5a1,c3.large,1540010941,15.0 sec,550 Mbits/sec,288 Mbits/sec,12,11,iperf -c 18.212.144.211 --dualtest --window 416k --time 15 ,,,,
i-01bde66a52897a5a1,c3.large,1540010941,15.0 sec,477 Mbits/sec,256 Mbits/sec,12,11,iperf -c 18.212.144.211 --dualtest --window 416k --time 15 ,,,,
i-01bde66a52897a5a1,c3.large,1540010941,15.0 sec,477 Mbits/sec,257 Mbits/sec,12,11,iperf -c 18.212.144.211 --dualtest --window 416k --time 15 ,,,,
i-01bde66a52897a5a1,c3.large,1540010941,15.0 sec,521 Mbits/sec,248 Mbits/sec,13,11,iperf -c 18.212.144.211 --dualtest --window 416k --time 15 ,,,,
i-01bde66a52897a5a1,c3.large,1540010941,15.0 sec,506 Mbits/sec,254 Mbits/sec,13,11,iperf -c 18.212.144.211 --dualtest --window 416k --time 15 ,,,,
i-01bde66a52897a5a1,c3.large,1540010941,15.0 sec,477 Mbits/sec,244 Mbits/sec,13,11,iperf -c 18.212.144.211 --dualtest --window 416k --time 15 ,,,,
i-01bde66a52897a5a1,c3.large,1540010941,15.0 sec,483 Mbits/sec,251 Mbits/sec,14,11,iperf -c 18.212.144.211 --dualtest --window 416k --time 15 ,,,,
i-01bde66a52897a5a1,c3.large,1540010941,15.0 sec,482 Mbits/sec,263 Mbits/sec,14,11,iperf -c 18.212.144.211 --dualtest --window 416k --time 15 ,,,,
i-01bde66a52897a5a1,c3.large,1540010941,15.0 sec,486 Mbits/sec,249 Mbits/sec,14,11,iperf -c 18.212.144.211 --dualtest --window 416k --time 15 ,,,,
i-01bde66a52897a5a1,c3.large,1540010941,15.0 sec,445 Mbits/sec,240 Mbits/sec,15,11,iperf -c 18.212.144.211 --dualtest --window 416k --time 15 ,,,,
i-01bde66a52897a5a1,c3.large,1540010941,15.0 sec,454 Mbits/sec,166 Mbits/sec,15,11,iperf -c 18.212.144.211 --dualtest --window 416k --time 15 ,,,,
i-01bde66a52897a5a1,c3.large,1540010941,15.0 sec,459 Mbits/sec,253 Mbits/sec,15,11,iperf -c 18.212.144.211 --dualtest --window 416k --time 15 ,,,,
i-01bde66a52897a5a1,c3.large,1540010941,15.0 sec,422 Mbits/sec,228 Mbits/sec,16,11,iperf -c 18.212.144.211 --dualtest --window 416k --time 15 ,,,,
i-01bde66a52897a5a1,c3.large,1540010941,15.0 sec,420 Mbits/sec,210 Mbits/sec,16,11,iperf -c 18.212.144.211 --dualtest --window 416k --time 15 ,,,,
i-01bde66a52897a5a1,c3.large,1540010941,15.0 sec,429 Mbits/sec,240 Mbits/sec,16,11,iperf -c 18.212.144.211 --dualtest --window 416k --time 15 ,,,,
i-037fff1e551bfc57a,c3.large,1540010941,15.0 sec,548 Mbits/sec,548 Mbits/sec,4,4,iperf -c 35.175.208.18 --dualtest --window 416k --time 15 ,,,,
i-037fff1e551bfc57a,c3.large,1540010941,15.0 sec,472 Mbits/sec,473 Mbits/sec,4,4,iperf -c 35.175.208.18 --dualtest --window 416k --time 15 ,,,,
i-037fff1e551bfc57a,c3.large,1540010941,15.0 sec,472 Mbits/sec,473 Mbits/sec,4,4,iperf -c 35.175.208.18 --dualtest --window 416k --time 15 ,,,,
i-037fff1e551bfc57a,c3.large,1540010941,15.0 sec,547 Mbits/sec,547 Mbits/sec,5,4,iperf -c 35.175.208.18 --dualtest --window 416k --time 15 ,,,,
i-037fff1e551bfc57a,c3.large,1540010941,15.0 sec,472 Mbits/sec,473 Mbits/sec,5,4,iperf -c 35.175.208.18 --dualtest --window 416k --time 15 ,,,,
i-037fff1e551bfc57a,c3.large,1540010941,15.0 sec,472 Mbits/sec,468 Mbits/sec,5,4,iperf -c 35.175.208.18 --dualtest --window 416k --time 15 ,,,,
i-037fff1e551bfc57a,c3.large,1540010941,15.0 sec,547 Mbits/sec,547 Mbits/sec,6,4,iperf -c 35.175.208.18 --dualtest --window 416k --time 15 ,,,,
i-037fff1e551bfc57a,c3.large,1540010941,15.0 sec,472 Mbits/sec,471 Mbits/sec,6,4,iperf -c 35.175.208.18 --dualtest --window 416k --time 15 ,,,,
i-037fff1e551bfc57a,c3.large,1540010941,15.0 sec,473 Mbits/sec,473 Mbits/sec,6,4,iperf -c 35.175.208.18 --dualtest --window 416k --time 15 ,,,,
i-037fff1e551bfc57a,c3.large,1540010941,15.0 sec,547 Mbits/sec,547 Mbits/sec,7,4,iperf -c 35.175.208.18 --dualtest --window 416k --time 15 ,,,,
i-037fff1e551bfc57a,c3.large,1540010941,15.0 sec,472 Mbits/sec,472 Mbits/sec,7,4,iperf -c 35.175.208.18 --dualtest --window 416k --time 15 ,,,,
i-037fff1e551bfc57a,c3.large,1540010941,15.0 sec,473 Mbits/sec,471 Mbits/sec,7,4,iperf -c 35.175.208.18 --dualtest --window 416k --time 15 ,,,,
i-037fff1e551bfc57a,c3.large,1540010941,15.0 sec,548 Mbits/sec,495 Mbits/sec,8,4,iperf -c 35.175.208.18 --dualtest --window 416k --time 15 ,,,,
i-037fff1e551bfc57a,c3.large,1540010941,15.0 sec,472 Mbits/sec,491 Mbits/sec,8,4,iperf -c 35.175.208.18 --dualtest --window 416k --time 15 ,,,,
i-037fff1e551bfc57a,c3.large,1540010941,15.0 sec,476 Mbits/sec,477 Mbits/sec,8,4,iperf -c 35.175.208.18 --dualtest --window 416k --time 15 ,,,,
i-037fff1e551bfc57a,c3.large,1540010941,15.0 sec,551 Mbits/sec,369 Mbits/sec,9,4,iperf -c 35.175.208.18 --dualtest --window 416k --time 15 ,,,,
i-037fff1e551bfc57a,c3.large,1540010941,15.0 sec,472 Mbits/sec,542 Mbits/sec,9,4,iperf -c 35.175.208.18 --dualtest --window 416k --time 15 ,,,,
i-037fff1e551bfc57a,c3.large,1540010941,15.0 sec,473 Mbits/sec,477 Mbits/sec,9,4,iperf -c 35.175.208.18 --dualtest --window 416k --time 15 ,,,,
i-037fff1e551bfc57a,c3.large,1540010941,15.0 sec,548 Mbits/sec,387 Mbits/sec,10,4,iperf -c 35.175.208.18 --dualtest --window 416k --time 15 ,,,,
i-037fff1e551bfc57a,c3.large,1540010941,15.0 sec,475 Mbits/sec,420 Mbits/sec,10,4,iperf -c 35.175.208.18 --dualtest --window 416k --time 15 ,,,,
i-037fff1e551bfc57a,c3.large,1540010941,15.0 sec,475 Mbits/sec,432 Mbits/sec,10,4,iperf -c 35.175.208.18 --dualtest --window 416k --time 15 ,,,,
i-037fff1e551bfc57a,c3.large,1540010941,15.0 sec,550 Mbits/sec,338 Mbits/sec,11,4,iperf -c 35.175.208.18 --dualtest --window 416k --time 15 ,,,,
i-037fff1e551bfc57a,c3.large,1540010941,15.0 sec,475 Mbits/sec,346 Mbits/sec,11,4,iperf -c 35.175.208.18 --dualtest --window 416k --time 15 ,,,,
i-037fff1e551bfc57a,c3.large,1540010941,15.0 sec,472 Mbits/sec,359 Mbits/sec,11,4,iperf -c 35.175.208.18 --dualtest --window 416k --time 15 ,,,,
i-037fff1e551bfc57a,c3.large,1540010941,15.0 sec,551 Mbits/sec,304 Mbits/sec,12,4,iperf -c 35.175.208.18 --dualtest --window 416k --time 15 ,,,,
i-037fff1e551bfc57a,c3.large,1540010941,15.0 sec,476 Mbits/sec,267 Mbits/sec,12,4,iperf -c 35.175.208.18 --dualtest --window 416k --time 15 ,,,,
i-037fff1e551bfc57a,c3.large,1540010941,15.0 sec,477 Mbits/sec,251 Mbits/sec,12,4,iperf -c 35.175.208.18 --dualtest --window 416k --time 15 ,,,,
i-037fff1e551bfc57a,c3.large,1540010941,15.0 sec,522 Mbits/sec,286 Mbits/sec,13,4,iperf -c 35.175.208.18 --dualtest --window 416k --time 15 ,,,,
i-037fff1e551bfc57a,c3.large,1540010941,15.0 sec,503 Mbits/sec,258 Mbits/sec,13,4,iperf -c 35.175.208.18 --dualtest --window 416k --time 15 ,,,,
i-037fff1e551bfc57a,c3.large,1540010941,15.0 sec,473 Mbits/sec,250 Mbits/sec,13,4,iperf -c 35.175.208.18 --dualtest --window 416k --time 15 ,,,,
i-037fff1e551bfc57a,c3.large,1540010941,15.0 sec,479 Mbits/sec,279 Mbits/sec,14,4,iperf -c 35.175.208.18 --dualtest --window 416k --time 15 ,,,,
i-037fff1e551bfc57a,c3.large,1540010941,15.0 sec,478 Mbits/sec,261 Mbits/sec,14,4,iperf -c 35.175.208.18 --dualtest --window 416k --time 15 ,,,,
i-037fff1e551bfc57a,c3.large,1540010941,15.0 sec,481 Mbits/sec,268 Mbits/sec,14,4,iperf -c 35.175.208.18 --dualtest --window 416k --time 15 ,,,,
i-037fff1e551bfc57a,c3.large,1540010941,15.0 sec,442 Mbits/sec,257 Mbits/sec,15,4,iperf -c 35.175.208.18 --dualtest --window 416k --time 15 ,,,,
i-037fff1e551bfc57a,c3.large,1540010941,15.0 sec,456 Mbits/sec,248 Mbits/sec,15,4,iperf -c 35.175.208.18 --dualtest --window 416k --time 15 ,,,,
i-037fff1e551bfc57a,c3.large,1540010941,15.0 sec,452 Mbits/sec,239 Mbits/sec,15,4,iperf -c 35.175.208.18 --dualtest --window 416k --time 15 ,,,,
i-037fff1e551bfc57a,c3.large,1540010941,15.0 sec,421 Mbits/sec,230 Mbits/sec,16,4,iperf -c 35.175.208.18 --dualtest --window 416k --time 15 ,,,,
i-037fff1e551bfc57a,c3.large,1540010941,15.0 sec,416 Mbits/sec,227 Mbits/sec,16,4,iperf -c 35.175.208.18 --dualtest --window 416k --time 15 ,,,,
i-037fff1e551bfc57a,c3.large,1540010941,15.0 sec,423 Mbits/sec,231 Mbits/sec,16,4,iperf -c 35.175.208.18 --dualtest --window 416k --time 15 ,,,,
i-088c6500ecc67d777,c3.large,1540010941,15.0 sec,550 Mbits/sec,459 Mbits/sec,9,9,iperf -c 54.174.198.125 --dualtest --window 416k --time 15 ,,,,
i-088c6500ecc67d777,c3.large,1540010941,15.0 sec,473 Mbits/sec,514 Mbits/sec,9,9,iperf -c 54.174.198.125 --dualtest --window 416k --time 15 ,,,,
i-088c6500ecc67d777,c3.large,1540010941,15.0 sec,474 Mbits/sec,472 Mbits/sec,9,9,iperf -c 54.174.198.125 --dualtest --window 416k --time 15 ,,,,
i-088c6500ecc67d777,c3.large,1540010941,15.0 sec,547 Mbits/sec,487 Mbits/sec,10,9,iperf -c 54.174.198.125 --dualtest --window 416k --time 15 ,,,,
i-088c6500ecc67d777,c3.large,1540010941,15.0 sec,475 Mbits/sec,464 Mbits/sec,10,9,iperf -c 54.174.198.125 --dualtest --window 416k --time 15 ,,,,
i-088c6500ecc67d777,c3.large,1540010941,15.0 sec,475 Mbits/sec,483 Mbits/sec,10,9,iperf -c 54.174.198.125 --dualtest --window 416k --time 15 ,,,,
i-088c6500ecc67d777,c3.large,1540010941,15.0 sec,551 Mbits/sec,356 Mbits/sec,11,9,iperf -c 54.174.198.125 --dualtest --window 416k --time 15 ,,,,
i-088c6500ecc67d777,c3.large,1540010941,15.0 sec,474 Mbits/sec,333 Mbits/sec,11,9,iperf -c 54.174.198.125 --dualtest --window 416k --time 15 ,,,,
i-088c6500ecc67d777,c3.large,1540010941,15.0 sec,475 Mbits/sec,364 Mbits/sec,11,9,iperf -c 54.174.198.125 --dualtest --window 416k --time 15 ,,,,
i-088c6500ecc67d777,c3.large,1540010941,15.0 sec,551 Mbits/sec,285 Mbits/sec,12,9,iperf -c 54.174.198.125 --dualtest --window 416k --time 15 ,,,,
i-088c6500ecc67d777,c3.large,1540010941,15.0 sec,476 Mbits/sec,257 Mbits/sec,12,9,iperf -c 54.174.198.125 --dualtest --window 416k --time 15 ,,,,
i-088c6500ecc67d777,c3.large,1540010941,15.0 sec,477 Mbits/sec,269 Mbits/sec,12,9,iperf -c 54.174.198.125 --dualtest --window 416k --time 15 ,,,,
i-088c6500ecc67d777,c3.large,1540010941,15.0 sec,522 Mbits/sec,286 Mbits/sec,13,9,iperf -c 54.174.198.125 --dualtest --window 416k --time 15 ,,,,
i-088c6500ecc67d777,c3.large,1540010941,15.0 sec,505 Mbits/sec,245 Mbits/sec,13,9,iperf -c 54.174.198.125 --dualtest --window 416k --time 15 ,,,,
i-088c6500ecc67d777,c3.large,1540010941,15.0 sec,477 Mbits/sec,254 Mbits/sec,13,9,iperf -c 54.174.198.125 --dualtest --window 416k --time 15 ,,,,
i-088c6500ecc67d777,c3.large,1540010941,15.0 sec,476 Mbits/sec,264 Mbits/sec,14,9,iperf -c 54.174.198.125 --dualtest --window 416k --time 15 ,,,,
i-088c6500ecc67d777,c3.large,1540010941,15.0 sec,481 Mbits/sec,223 Mbits/sec,14,9,iperf -c 54.174.198.125 --dualtest --window 416k --time 15 ,,,,
i-088c6500ecc67d777,c3.large,1540010941,15.0 sec,491 Mbits/sec,284 Mbits/sec,14,9,iperf -c 54.174.198.125 --dualtest --window 416k --time 15 ,,,,
i-088c6500ecc67d777,c3.large,1540010941,15.0 sec,449 Mbits/sec,223 Mbits/sec,15,9,iperf -c 54.174.198.125 --dualtest --window 416k --time 15 ,,,,
i-088c6500ecc67d777,c3.large,1540010941,15.0 sec,452 Mbits/sec,246 Mbits/sec,15,9,iperf -c 54.174.198.125 --dualtest --window 416k --time 15 ,,,,
i-088c6500ecc67d777,c3.large,1540010941,15.0 sec,446 Mbits/sec,249 Mbits/sec,15,9,iperf -c 54.174.198.125 --dualtest --window 416k --time 15 ,,,,
i-088c6500ecc67d777,c3.large,1540010941,15.0 sec,417 Mbits/sec,226 Mbits/sec,16,9,iperf -c 54.174.198.125 --dualtest --window 416k --time 15 ,,,,
i-088c6500ecc67d777,c3.large,1540010941,15.0 sec,421 Mbits/sec,219 Mbits/sec,16,9,iperf -c 54.174.198.125 --dualtest --window 416k --time 15 ,,,,
i-088c6500ecc67d777,c3.large,1540010941,15.0 sec,432 Mbits/sec,250 Mbits/sec,16,9,iperf -c 54.174.198.125 --dualtest --window 416k --time 15 ,,,,